task,shell,seed,op,t_param,t_init,n_nodes,mae,aurc,train_mae,const_mae,beats_const,valid,monotone,loss_thirds,t_learned,params,epochs,n_train,n_eval,hidden,n_layers,secs,device,seam,ppr_alpha,sgc_k,dtype,const_aurc,ppr_k
hops,s3168,0,gcn,relu,0.5,3168,0.17226336160533584,0.23212056556027708,0.180491883232437,0.18145969069973641,True,True,True,"[0.05409, 0.047, 0.04617]",[],3301,1000,8,6,32,4,72.7,cuda,cut,0.05,8,float32,0.2733522829962756,20
hops,s3168,0,heat,relu,0.5,3168,0.125242454192667,0.16512473727597402,0.1331518978789458,0.18145969069973641,True,True,True,"[0.05285, 0.04076, 0.03109]","[13.9865, -0.1496, -0.152, -0.1494]",3301,1000,8,6,32,4,111.3,cuda,cut,0.05,8,float32,0.2733522829962756,20
hops,s3168,0,qw,relu,0.5,3168,0.18222494879486636,0.2706540220978392,0.18950070657607432,0.18145969069973641,False,False,True,"[0.05077, 0.05031, 0.05021]","[0.8294, 3.0202, 4.1559, 1.8037]",3301,1000,8,6,32,4,234.7,cuda,cut,0.05,8,float32,0.2733522829962756,20
hops,s3168,1,gcn,relu,0.5,3168,0.18616308219772404,0.2544147877987822,0.19990357789496135,0.19040591222322656,True,False,True,"[0.05916, 0.05472, 0.0543]",[],3301,1000,8,6,32,4,57.2,cuda,cut,0.05,8,float32,0.28291310491861643,20
hops,s3168,1,heat,relu,0.5,3168,0.15840308574088677,0.22079307914695626,0.17267120436030603,0.19040591222322656,True,True,True,"[0.05912, 0.05381, 0.03946]","[14.1921, 11.5835, -0.1023, -0.1746]",3301,1000,8,6,32,4,111.2,cuda,cut,0.05,8,float32,0.28291310491861643,20
hops,s3168,1,qw,relu,0.5,3168,0.1923133874876873,0.2721119994259678,0.2053282616723645,0.19040591222322656,False,False,True,"[0.05865, 0.05742, 0.05704]","[3.3941, 3.9182, -0.1311, 1.5452]",3301,1000,8,6,32,4,234.7,cuda,cut,0.05,8,float32,0.28291310491861643,20
hops,s3168,2,gcn,relu,0.5,3168,0.1879931789737035,0.27789393283200753,0.18952098581822344,0.18885280880767394,True,False,True,"[0.05279, 0.05069, 0.05039]",[],3301,1000,8,6,32,4,57.3,cuda,cut,0.05,8,float32,0.27335988091577906,20
hops,s3168,2,heat,relu,0.5,3168,0.10752972707788143,0.15713461161042203,0.11108635896093663,0.18885280880767394,True,True,True,"[0.05246, 0.05024, 0.03384]","[10.7047, 9.2377, 6.7486, -0.1623]",3301,1000,8,6,32,4,111.4,cuda,cut,0.05,8,float32,0.27335988091577906,20
hops,s3168,2,qw,relu,0.5,3168,0.06876062189275085,0.11212246864335307,0.06604181768371478,0.18885280880767394,True,True,True,"[0.05247, 0.0506, 0.02926]","[5.8393, 4.9463, 2.9158, -0.0776]",3301,1000,8,6,32,4,235.6,cuda,cut,0.05,8,float32,0.27335988091577906,20
hops,s3168,3,gcn,relu,0.5,3168,0.19650493904098443,0.25730528899152777,0.17939701568361166,0.19969980827360634,True,False,False,"[0.04804, 0.04567, 0.04577]",[],3301,1000,8,6,32,4,57.8,cuda,cut,0.05,8,float32,0.28059882068210995,20
hops,s3168,3,heat,relu,0.5,3168,0.17076066169471896,0.26388963305946794,0.14444628809834476,0.19969980827360634,True,True,True,"[0.04653, 0.0388, 0.03193]","[12.3562, -0.1115, -0.1684, -0.1672]",3301,1000,8,6,32,4,111.9,cuda,cut,0.05,8,float32,0.28059882068210995,20
hops,s3168,3,qw,relu,0.5,3168,0.08927405785202043,0.16413937261286446,0.0925855774254858,0.19969980827360634,True,True,True,"[0.0419, 0.03458, 0.01526]","[4.7288, 3.532, 2.9556, 5.7028]",3301,1000,8,6,32,4,238.1,cuda,cut,0.05,8,float32,0.28059882068210995,20
hops,s3168,4,gcn,relu,0.5,3168,0.17010837944597046,0.2305316526972706,0.17503737309964368,0.1793584594746459,True,True,True,"[0.04956, 0.04517, 0.04401]",[],3301,1000,8,6,32,4,57.7,cuda,cut,0.05,8,float32,0.26918628746396744,20
hops,s3168,4,heat,relu,0.5,3168,0.1121812948413422,0.15273299354487038,0.11944145760149107,0.1793584594746459,True,True,True,"[0.04931, 0.03484, 0.02647]","[14.8513, -0.1144, -0.2123, -0.2057]",3301,1000,8,6,32,4,112.9,cuda,cut,0.05,8,float32,0.26918628746396744,20
hops,s3168,4,qw,relu,0.5,3168,0.1804664077298788,0.27155938803658447,0.1838627724237728,0.1793584594746459,False,False,False,"[0.04948, 0.04452, 0.04809]","[0.9374, 3.9625, 2.9483, 1.408]",3301,1000,8,6,32,4,237.8,cuda,cut,0.05,8,float32,0.26918628746396744,20
hops,s3168,5,gcn,relu,0.5,3168,0.17815702330618577,0.2673358002831432,0.1918300271542529,0.18268675369910994,True,False,False,"[0.05629, 0.05171, 0.05176]",[],3301,1000,8,6,32,4,57.3,cuda,cut,0.05,8,float32,0.2718316066357322,20
hops,s3168,5,heat,relu,0.5,3168,0.12051912020138927,0.15522623868400823,0.13484931351235396,0.18268675369910994,True,True,True,"[0.05648, 0.05056, 0.03691]","[15.7242, -0.2309, -0.2406, -0.2314]",3301,1000,8,6,32,4,111.4,cuda,cut,0.05,8,float32,0.2718316066357322,20
hops,s3168,5,qw,relu,0.5,3168,0.09240637346249629,0.08897615602110089,0.08608060679266187,0.18268675369910994,True,True,True,"[0.05481, 0.04121, 0.01494]","[6.5717, 5.1758, 3.8062, -0.0292]",3301,1000,8,6,32,4,236.2,cuda,cut,0.05,8,float32,0.2718316066357322,20
hops,s3168,6,gcn,relu,0.5,3168,0.17390736273347998,0.26324370496296945,0.1793818404526753,0.18185050115408688,True,True,True,"[0.05093, 0.04745, 0.04509]",[],3301,1000,8,6,32,4,57.0,cuda,cut,0.05,8,float32,0.2743894027213865,20
hops,s3168,6,heat,relu,0.5,3168,0.11835752064515037,0.1548390403283544,0.12168812411784363,0.18185050115408688,True,True,True,"[0.05042, 0.03646, 0.02802]","[15.174, -0.1543, -0.1875, -0.1971]",3301,1000,8,6,32,4,111.3,cuda,cut,0.05,8,float32,0.2743894027213865,20
hops,s3168,6,qw,relu,0.5,3168,0.11487715857033697,0.21407723701656253,0.12039604878748034,0.18185050115408688,True,True,True,"[0.05019, 0.04413, 0.03782]","[5.244, 4.6057, -0.0149, -0.0151]",3301,1000,8,6,32,4,233.4,cuda,cut,0.05,8,float32,0.2743894027213865,20
hops,s3168,7,gcn,relu,0.5,3168,0.18262372346151415,0.26016376752319276,0.18637482231853864,0.18507136827534076,True,False,True,"[0.05008, 0.04657, 0.04651]",[],3301,1000,8,6,32,4,57.6,cuda,cut,0.05,8,float32,0.26741651358657087,20
hops,s3168,7,heat,relu,0.5,3168,0.10022312699765577,0.13927486613350737,0.10289850020842894,0.18507136827534076,True,True,True,"[0.0495, 0.0327, 0.02403]","[13.8851, 13.7603, -0.2044, -0.2511]",3301,1000,8,6,32,4,111.5,cuda,cut,0.05,8,float32,0.26741651358657087,20
hops,s3168,7,qw,relu,0.5,3168,0.0750595158457843,0.11324599855287953,0.0713098168758513,0.18507136827534076,True,True,True,"[0.0508, 0.0458, 0.02073]","[5.9373, 4.7948, 2.9183, -0.0179]",3301,1000,8,6,32,4,235.6,cuda,cut,0.05,8,float32,0.26741651358657087,20
hops,s3168,8,gcn,relu,0.5,3168,0.1872196127035379,0.2483576754083954,0.18714395055642608,0.1912017751366342,True,False,True,"[0.05371, 0.04926, 0.04901]",[],3301,1000,8,6,32,4,57.2,cuda,cut,0.05,8,float32,0.2826095126381792,20
hops,s3168,8,heat,relu,0.5,3168,0.15464572151139008,0.1939288294918585,0.15045998215888784,0.1912017751366342,True,True,True,"[0.05479, 0.04981, 0.03617]","[13.4976, -0.1818, -0.1876, -0.1739]",3301,1000,8,6,32,4,111.6,cuda,cut,0.05,8,float32,0.2826095126381792,20
hops,s3168,8,qw,relu,0.5,3168,0.10369570308732595,0.10034328328290376,0.09972668340652499,0.1912017751366342,True,True,True,"[0.05239, 0.03696, 0.0226]","[0.9305, 6.7155, 5.9441, 3.9845]",3301,1000,8,6,32,4,238.2,cuda,cut,0.05,8,float32,0.2826095126381792,20
hops,s3168,9,gcn,relu,0.5,3168,0.16752791619146837,0.23637070074089847,0.18175872437323143,0.17697521552400586,True,False,True,"[0.05159, 0.04736, 0.04657]",[],3301,1000,8,6,32,4,55.8,cuda,cut,0.05,8,float32,0.26738294438242854,20
hops,s3168,9,heat,relu,0.5,3168,0.1779672903209546,0.2724536442604976,0.18998434148170878,0.17697521552400586,False,True,True,"[0.0516, 0.04625, 0.04577]","[9.2878, 8.9318, 8.9432, -0.3107]",3301,1000,8,6,32,4,111.7,cuda,cut,0.05,8,float32,0.26738294438242854,20
hops,s3168,9,qw,relu,0.5,3168,0.0685792527115384,0.0913412655147837,0.061855944069167085,0.17697521552400586,True,True,True,"[0.04247, 0.00972, 0.00689]","[1.1859, 5.8143, 3.2868, 5.4063]",3301,1000,8,6,32,4,238.2,cuda,cut,0.05,8,float32,0.26738294438242854,20
delay,s3168,0,gcn,relu,0.5,3168,0.1761375833624642,0.2961527429793676,0.1800546573125978,0.1670811829159232,False,False,False,"[0.0483, 0.04095, 0.04171]",[],3301,1000,8,6,32,4,35.3,cuda,cut,0.05,8,float32,0.2429690204103665,20
delay,s3168,0,heat,relu,0.5,3168,0.12196216381337023,0.15928450790694285,0.126134814507517,0.1670811829159232,True,True,True,"[0.04729, 0.03641, 0.02763]","[14.2263, -0.164, -0.1678, -0.1609]",3301,1000,8,6,32,4,112.7,cuda,cut,0.05,8,float32,0.2429690204103665,20
delay,s3168,0,qw,relu,0.5,3168,0.11401438281675587,0.1654460841665066,0.1179522180278545,0.1670811829159232,True,True,True,"[0.04778, 0.04039, 0.02635]","[0.9305, 4.4038, 2.0394, 3.5934]",3301,1000,8,6,32,4,239.4,cuda,cut,0.05,8,float32,0.2429690204103665,20
delay,s3168,1,gcn,relu,0.5,3168,0.16452723799087382,0.239750047266002,0.1720355028940898,0.16971510523350664,True,False,True,"[0.04822, 0.04433, 0.04359]",[],3301,1000,8,6,32,4,35.3,cuda,cut,0.05,8,float32,0.24401424813285896,20
delay,s3168,1,heat,relu,0.5,3168,0.12392705981555963,0.19405217025292743,0.13680358925653355,0.16971510523350664,True,True,True,"[0.04843, 0.045, 0.03912]","[10.9728, 6.7902, -0.1575, -0.147]",3301,1000,8,6,32,4,114.4,cuda,cut,0.05,8,float32,0.24401424813285896,20
delay,s3168,1,qw,relu,0.5,3168,0.16994607242611937,0.2444448089085464,0.17713654138483115,0.16971510523350664,False,False,False,"[0.0477, 0.04067, 0.04706]","[4.0097, 4.4567, -0.0112, 2.7077]",3301,1000,8,6,32,4,236.1,cuda,cut,0.05,8,float32,0.24401424813285896,20
delay,s3168,2,gcn,relu,0.5,3168,0.16849177442992777,0.21132038601630806,0.1717517743563436,0.16746935214195088,False,False,True,"[0.04483, 0.0433, 0.04154]",[],3301,1000,8,6,32,4,35.3,cuda,cut,0.05,8,float32,0.23893269339868084,20
delay,s3168,2,heat,relu,0.5,3168,0.10219634090462441,0.1467582320856829,0.10302274388937582,0.16746935214195088,True,True,True,"[0.04483, 0.04106, 0.02567]","[9.7126, 7.8522, 7.7883, -0.231]",3301,1000,8,6,32,4,112.8,cuda,cut,0.05,8,float32,0.23893269339868084,20
delay,s3168,2,qw,relu,0.5,3168,0.09472528984456602,0.1505495529754577,0.09387441231927074,0.16746935214195088,True,True,True,"[0.04484, 0.04261, 0.02855]","[4.8981, 4.1408, 2.3824, -0.1915]",3301,1000,8,6,32,4,237.5,cuda,cut,0.05,8,float32,0.23893269339868084,20
delay,s3168,3,gcn,relu,0.5,3168,0.17218661374683528,0.23757155854353132,0.1638751839329618,0.17456477681518434,True,False,True,"[0.04194, 0.04021, 0.03992]",[],3301,1000,8,6,32,4,35.3,cuda,cut,0.05,8,float32,0.24098371088361037,20
delay,s3168,3,heat,relu,0.5,3168,0.15694980491122257,0.23160765132207242,0.1464480688624058,0.17456477681518434,True,True,True,"[0.03975, 0.0353, 0.03038]","[11.6448, -0.1674, -0.188, -0.1938]",3301,1000,8,6,32,4,112.8,cuda,cut,0.05,8,float32,0.24098371088361037,20
delay,s3168,3,qw,relu,0.5,3168,0.17580786118326397,0.2529542807198724,0.16896976967653227,0.17456477681518434,False,False,False,"[0.04018, 0.04026, 0.03838]","[0.9222, 4.6218, 2.6819, 2.2748]",3301,1000,8,6,32,4,238.6,cuda,cut,0.05,8,float32,0.24098371088361037,20
delay,s3168,4,gcn,relu,0.5,3168,0.16051003763380442,0.21168746245295086,0.16132718719988287,0.1676993677753215,True,True,True,"[0.04356, 0.04073, 0.03867]",[],3301,1000,8,6,32,4,35.4,cuda,cut,0.05,8,float32,0.24142058346651765,20
delay,s3168,4,heat,relu,0.5,3168,0.11441390466192732,0.15967553402150034,0.11424400178341354,0.1676993677753215,True,True,True,"[0.04348, 0.03232, 0.02387]","[14.5153, -0.1638, -0.1885, -0.2025]",3301,1000,8,6,32,4,113.4,cuda,cut,0.05,8,float32,0.24142058346651765,20
delay,s3168,4,qw,relu,0.5,3168,0.15407969082018944,0.21414814534585772,0.15519535635923437,0.1676993677753215,True,True,True,"[0.04355, 0.03793, 0.03686]","[0.9804, 2.8949, 1.4967, -0.009]",3301,1000,8,6,32,4,237.8,cuda,cut,0.05,8,float32,0.24142058346651765,20
delay,s3168,5,gcn,relu,0.5,3168,0.16357989010035753,0.21676330584018963,0.16611697449075616,0.1695395661645368,True,True,True,"[0.04707, 0.04244, 0.04118]",[],3301,1000,8,6,32,4,35.4,cuda,cut,0.05,8,float32,0.24596915360898364,20
delay,s3168,5,heat,relu,0.5,3168,0.11093685362250498,0.14745210225040484,0.10514089004260828,0.1695395661645368,True,True,True,"[0.04734, 0.03434, 0.02214]","[14.6071, 13.7662, -0.2069, -0.2099]",3301,1000,8,6,32,4,113.1,cuda,cut,0.05,8,float32,0.24596915360898364,20
delay,s3168,5,qw,relu,0.5,3168,0.19973899820348742,0.15140397722963142,0.18937710867932323,0.1695395661645368,False,True,True,"[0.04709, 0.04147, 0.03766]","[4.325, 3.3969, 1.4913, 1.4906]",3301,1000,8,6,32,4,239.3,cuda,cut,0.05,8,float32,0.24596915360898364,20
delay,s3168,6,gcn,relu,0.5,3168,0.16249071588008335,0.21100828199414004,0.16381230379663222,0.16648470040141083,True,False,False,"[0.0445, 0.0407, 0.04135]",[],3301,1000,8,6,32,4,35.4,cuda,cut,0.05,8,float32,0.24211817317078285,20
delay,s3168,6,heat,relu,0.5,3168,0.11850007282733065,0.15523854912021748,0.11931119975802956,0.16648470040141083,True,True,True,"[0.04461, 0.03354, 0.02601]","[14.8698, -0.172, -0.1766, -0.1833]",3301,1000,8,6,32,4,113.4,cuda,cut,0.05,8,float32,0.24211817317078285,20
delay,s3168,6,qw,relu,0.5,3168,0.10332159025603214,0.1298105825135944,0.10011162316228789,0.16648470040141083,True,True,True,"[0.04456, 0.03094, 0.01686]","[5.3327, 4.6572, -0.0068, -0.0069]",3301,1000,8,6,32,4,522.3,cuda,cut,0.05,8,float32,0.24211817317078285,20
delay,s3168,7,gcn,relu,0.5,3168,0.16873061030063238,0.24890206413078242,0.16974434721939333,0.16903304502276642,True,False,False,"[0.04409, 0.04082, 0.04128]",[],3301,1000,8,6,32,4,37.7,cuda,cut,0.05,8,float32,0.23704395278505386,20
delay,s3168,7,heat,relu,0.5,3168,0.10474771209778844,0.1587950071021302,0.10626188876811266,0.16903304502276642,True,True,True,"[0.044, 0.03075, 0.02255]","[12.9864, 12.852, -0.2305, -0.2328]",3301,1000,8,6,32,4,282.3,cuda,cut,0.05,8,float32,0.23704395278505386,20
delay,s3168,7,qw,relu,0.5,3168,0.09878948273651478,0.14609265939576038,0.09919317863662427,0.16903304502276642,True,True,True,"[0.04461, 0.04121, 0.02734]","[4.8337, 4.0107, 2.4414, -0.0786]",3301,1000,8,6,32,4,591.1,cuda,cut,0.05,8,float32,0.23704395278505386,20
delay,s3168,8,gcn,relu,0.5,3168,0.16972682660969637,0.2280213817247183,0.1689898748645095,0.17193813426688595,True,False,True,"[0.04656, 0.04314, 0.04303]",[],3301,1000,8,6,32,4,39.7,cuda,cut,0.05,8,float32,0.2465726510254902,20
delay,s3168,8,heat,relu,0.5,3168,0.11830707384331814,0.18324321663288154,0.11719568177196756,0.17193813426688595,True,True,True,"[0.04645, 0.03315, 0.02378]","[12.3513, -0.2392, 11.5346, -0.1396]",3301,1000,8,6,32,4,271.3,cuda,cut,0.05,8,float32,0.2465726510254902,20
delay,s3168,8,qw,relu,0.5,3168,0.09511303534096864,0.15661948882260301,0.0984094819201952,0.17193813426688595,True,True,True,"[0.04603, 0.0306, 0.02538]","[0.9345, 0.5566, 5.885, 4.6255]",3301,1000,8,6,32,4,623.6,cuda,cut,0.05,8,float32,0.2465726510254902,20
delay,s3168,9,gcn,relu,0.5,3168,0.1609442057175721,0.219276125374862,0.16478627552828815,0.1672302332407578,True,False,True,"[0.04497, 0.04068, 0.04052]",[],3301,1000,8,6,32,4,39.2,cuda,cut,0.05,8,float32,0.2407107049752398,20
delay,s3168,9,heat,relu,0.5,3168,0.13178599059384008,0.19617066840149514,0.13565756647288008,0.1672302332407578,True,True,True,"[0.04517, 0.04376, 0.03748]","[6.8261, 6.2732, -0.2386, -0.2345]",3301,1000,8,6,32,4,282.9,cuda,cut,0.05,8,float32,0.2407107049752398,20
delay,s3168,9,qw,relu,0.5,3168,0.0968607011825291,0.1300289352643382,0.0885940524943851,0.1672302332407578,True,True,True,"[0.0419, 0.01834, 0.01489]","[0.4346, 5.3985, 1.9982, 4.7026]",3301,1000,8,6,32,4,620.1,cuda,cut,0.05,8,float32,0.2407107049752398,20
hops,s1584,0,gcn,relu,0.5,1584,0.18828455530779642,0.24387197520521778,0.1989000991026217,0.20284212697399248,True,False,False,"[0.06429, 0.05531, 0.05604]",[],3301,1000,8,6,32,4,32.7,cuda,cut,0.05,8,float32,0.29289856883747234,20
hops,s1584,0,heat,relu,0.5,1584,0.10885644743966899,0.15173111238377748,0.11638135608959463,0.20284212697399248,True,True,True,"[0.06085, 0.03892, 0.02885]","[13.2967, -0.1678, -0.17, -0.1731]",3301,1000,8,6,32,4,61.0,cuda,cut,0.05,8,float32,0.29289856883747234,20
hops,s1584,0,qw,relu,0.5,1584,0.06834198790955161,0.06721710606240867,0.06722294535420864,0.20284212697399248,True,True,True,"[0.05931, 0.02466, 0.01223]","[0.92, 6.2266, 2.8507, 7.6031]",3301,1000,8,6,32,4,72.2,cuda,cut,0.05,8,float32,0.29289856883747234,20
hops,s1584,1,gcn,relu,0.5,1584,0.20716683871484354,0.2811199856708643,0.2196070084335386,0.21422125618812327,True,False,True,"[0.07126, 0.06581, 0.06526]",[],3301,1000,8,6,32,4,31.1,cuda,cut,0.05,8,float32,0.30389307316246,20
hops,s1584,1,heat,relu,0.5,1584,0.21677021976593283,0.29034974205243375,0.2298691583714434,0.21422125618812327,False,False,False,"[0.07066, 0.06672, 0.06962]","[7.9353, 5.7884, -0.1572, -0.1788]",3301,1000,8,6,32,4,59.8,cuda,cut,0.05,8,float32,0.30389307316246,20
hops,s1584,1,qw,relu,0.5,1584,0.17295675318859052,0.242040523003354,0.17948412108723064,0.21422125618812327,True,True,True,"[0.06917, 0.03563, 0.02479]","[3.0574, 6.1231, -0.0815, 7.0178]",3301,1000,8,6,32,4,89.3,cuda,cut,0.05,8,float32,0.30389307316246,20
hops,s1584,2,gcn,relu,0.5,1584,0.2064972806130834,0.24670383549859098,0.21068954843095258,0.21167407191032386,True,False,False,"[0.06276, 0.0584, 0.06152]",[],3301,1000,8,6,32,4,31.1,cuda,cut,0.05,8,float32,0.2918149112920989,20
hops,s1584,2,heat,relu,0.5,1584,0.0904006610843212,0.11965182119653674,0.09272912599062877,0.21167407191032386,True,True,True,"[0.06362, 0.048, 0.02067]","[11.2223, 9.9218, -0.0343, -0.2355]",3301,1000,8,6,32,4,59.7,cuda,cut,0.05,8,float32,0.2918149112920989,20
hops,s1584,2,qw,relu,0.5,1584,0.06015942827484849,0.06910201394657899,0.06061789719417287,0.21167407191032386,True,True,True,"[0.06368, 0.04641, 0.01111]","[2.9897, 5.6566, 5.619, -0.2127]",3301,1000,8,6,32,4,102.4,cuda,cut,0.05,8,float32,0.2918149112920989,20
hops,s1584,3,gcn,relu,0.5,1584,0.2158664379320625,0.2718801776688195,0.19642619266306438,0.22380801566652261,True,False,False,"[0.05768, 0.05414, 0.05426]",[],3301,1000,8,6,32,4,30.5,cuda,cut,0.05,8,float32,0.30001465975182123,20
hops,s1584,3,heat,relu,0.5,1584,0.09179405890964128,0.11491681893525559,0.08433869211949793,0.22380801566652261,True,True,True,"[0.05312, 0.02809, 0.01837]","[10.3537, 9.5505, 9.7718, -0.2031]",3301,1000,8,6,32,4,59.2,cuda,cut,0.05,8,float32,0.30001465975182123,20
hops,s1584,3,qw,relu,0.5,1584,0.0580205120462203,0.05471506720628655,0.060592846947279996,0.22380801566652261,True,True,True,"[0.04309, 0.01091, 0.00828]","[5.837, 2.249, 1.8203, 6.9643]",3301,1000,8,6,32,4,110.2,cuda,cut,0.05,8,float32,0.30001465975182123,20
hops,s1584,4,gcn,relu,0.5,1584,0.1869381177137208,0.2410966151348104,0.1912924767159645,0.20166345434231991,True,True,True,"[0.05941, 0.05328, 0.05134]",[],3301,1000,8,6,32,4,30.4,cuda,cut,0.05,8,float32,0.2875493682492633,20
hops,s1584,4,heat,relu,0.5,1584,0.09460758115400118,0.11610685220491462,0.10099864641299726,0.20166345434231991,True,True,True,"[0.0579, 0.03273, 0.02307]","[13.1932, -0.1184, -0.2076, -0.1991]",3301,1000,8,6,32,4,58.8,cuda,cut,0.05,8,float32,0.2875493682492633,20
hops,s1584,4,qw,relu,0.5,1584,0.06060863510620865,0.08025158298042374,0.05497684622756112,0.20166345434231991,True,True,True,"[0.0563, 0.01498, 0.00657]","[5.0881, 5.8431, 5.3524, 5.9328]",3301,1000,8,6,32,4,114.6,cuda,cut,0.05,8,float32,0.2875493682492633,20
hops,s1584,5,gcn,relu,0.5,1584,0.1953292353288819,0.25599004286454163,0.21101516532603498,0.20494496734869297,True,False,True,"[0.06773, 0.06242, 0.06148]",[],3301,1000,8,6,32,4,29.9,cuda,cut,0.05,8,float32,0.28995785954405556,20
hops,s1584,5,heat,relu,0.5,1584,0.08023175047334245,0.0806370797459283,0.07496670374133496,0.20494496734869297,True,True,True,"[0.06258, 0.02536, 0.01384]","[11.0983, 10.6568, 10.1948, -0.1145]",3301,1000,8,6,32,4,41.9,cuda,cut,0.05,8,float32,0.28995785954405556,20
hops,s1584,5,qw,relu,0.5,1584,0.07141796465154097,0.08660376276971893,0.06372590431287377,0.20494496734869297,True,True,True,"[0.05988, 0.00934, 0.0048]","[6.1062, 7.2912, 2.964, -0.015]",3301,1000,8,6,32,4,53.4,cuda,cut,0.05,8,float32,0.28995785954405556,20
hops,s1584,6,gcn,relu,0.5,1584,0.18914146002292673,0.24125820829622877,0.19365976646282673,0.20352606689957245,True,True,True,"[0.06054, 0.0585, 0.05364]",[],3301,1000,8,6,32,4,30.0,cuda,cut,0.05,8,float32,0.29468145136268387,20
hops,s1584,6,heat,relu,0.5,1584,0.10217422747675654,0.11802529888702278,0.1016388466746918,0.20352606689957245,True,True,True,"[0.05525, 0.03271, 0.02275]","[13.2918, -0.19, -0.195, -0.2118]",3301,1000,8,6,32,4,41.9,cuda,cut,0.05,8,float32,0.29468145136268387,20
hops,s1584,6,qw,relu,0.5,1584,0.0728049630119688,0.07884518443284792,0.07088261905491983,0.20352606689957245,True,True,True,"[0.05699, 0.01984, 0.0091]","[5.9203, 5.2411, -0.0181, -0.0181]",3301,1000,8,6,32,4,50.9,cuda,cut,0.05,8,float32,0.29468145136268387,20
hops,s1584,7,gcn,relu,0.5,1584,0.20622207341960283,0.3333693338766033,0.20411279854732753,0.2073090134066238,True,False,True,"[0.06015, 0.05517, 0.05509]",[],3301,1000,8,6,32,4,30.0,cuda,cut,0.05,8,float32,0.28540695962342993,20
hops,s1584,7,heat,relu,0.5,1584,0.09248042367837746,0.11703151026237481,0.0917194696567186,0.2073090134066238,True,True,True,"[0.05725, 0.02861, 0.01899]","[12.0012, 11.817, -0.234, -0.2487]",3301,1000,8,6,32,4,41.8,cuda,cut,0.05,8,float32,0.28540695962342993,20
hops,s1584,7,qw,relu,0.5,1584,0.06367152821043702,0.06370053603577862,0.06762967769184733,0.2073090134066238,True,True,True,"[0.05999, 0.01997, 0.00706]","[6.4541, 5.8324, 3.007, -0.0587]",3301,1000,8,6,32,4,49.7,cuda,cut,0.05,8,float32,0.28540695962342993,20
hops,s1584,8,gcn,relu,0.5,1584,0.2085434415692037,0.26086645368213307,0.20730574337813787,0.2142830371220913,True,False,False,"[0.06363, 0.0583, 0.05908]",[],3301,1000,8,6,32,4,29.9,cuda,cut,0.05,8,float32,0.3031558346890644,20
hops,s1584,8,heat,relu,0.5,1584,0.13008322627934304,0.11691518043885414,0.12374454185118514,0.2142830371220913,True,True,True,"[0.06169, 0.04569, 0.03544]","[13.1621, -0.1833, -0.1722, -0.1807]",3301,1000,8,6,32,4,41.9,cuda,cut,0.05,8,float32,0.3031558346890644,20
hops,s1584,8,qw,relu,0.5,1584,0.2170540261327725,0.2955530591407634,0.2176069603792528,0.2142830371220913,False,False,False,"[0.05715, 0.05607, 0.05806]","[0.9664, 2.5446, 4.5152, 3.8649]",3301,1000,8,6,32,4,49.9,cuda,cut,0.05,8,float32,0.3031558346890644,20
hops,s1584,9,gcn,relu,0.5,1584,0.18263823615805705,0.2434303151661823,0.20058869365826157,0.1972476585583153,True,True,True,"[0.06176, 0.05616, 0.05536]",[],3301,1000,8,6,32,4,30.1,cuda,cut,0.05,8,float32,0.2859626192448666,20
hops,s1584,9,heat,relu,0.5,1584,0.19461218780376996,0.2832423884630481,0.21026052533316125,0.1972476585583153,True,False,False,"[0.06128, 0.06014, 0.06112]","[5.4228, 5.1125, 5.0704, -0.2835]",3301,1000,8,6,32,4,41.7,cuda,cut,0.05,8,float32,0.2859626192448666,20
hops,s1584,9,qw,relu,0.5,1584,0.053731221457165655,0.07020078726521638,0.052181571126725015,0.1972476585583153,True,True,True,"[0.04417, 0.01228, 0.00508]","[1.5281, 6.9622, 6.0702, -0.0124]",3301,1000,8,6,32,4,51.4,cuda,cut,0.05,8,float32,0.2859626192448666,20
delay,s1584,0,gcn,relu,0.5,1584,0.16374896844082296,0.22964412670032833,0.16768208419472846,0.16718246888562172,True,True,True,"[0.04839, 0.04086, 0.0403]",[],3301,1000,8,6,32,4,30.1,cuda,cut,0.05,8,float32,0.23142011562655515,20
delay,s1584,0,heat,relu,0.5,1584,0.12200013030538341,0.15037583226559129,0.12479120965453508,0.16718246888562172,True,True,True,"[0.04694, 0.03106, 0.02542]","[12.7712, -0.1672, -0.1779, -0.1778]",3301,1000,8,6,32,4,42.0,cuda,cut,0.05,8,float32,0.23142011562655515,20
delay,s1584,0,qw,relu,0.5,1584,0.12369956354209244,0.15542637757799324,0.12529161533349925,0.16718246888562172,True,True,True,"[0.04748, 0.03109, 0.02383]","[0.9206, 2.1778, -0.0016, 3.1604]",3301,1000,8,6,32,4,53.7,cuda,cut,0.05,8,float32,0.23142011562655515,20
delay,s1584,1,gcn,relu,0.5,1584,0.15962748621983974,0.2189938682301753,0.1682326759598594,0.17031059692173203,True,True,True,"[0.048, 0.04245, 0.0419]",[],3301,1000,8,6,32,4,30.0,cuda,cut,0.05,8,float32,0.23514632530449575,20
delay,s1584,1,heat,relu,0.5,1584,0.11973084326283158,0.1405172646710743,0.12157500724747983,0.17031059692173203,True,True,True,"[0.04818, 0.03267, 0.02666]","[12.8576, -0.1121, -0.1704, -0.1793]",3301,1000,8,6,32,4,42.0,cuda,cut,0.05,8,float32,0.23514632530449575,20
delay,s1584,1,qw,relu,0.5,1584,0.12183201451502078,0.14597686298240134,0.12263870319749012,0.17031059692173203,True,True,True,"[0.04859, 0.03892, 0.0257]","[3.0875, 2.5157, -0.0062, -0.0071]",3301,1000,8,6,32,4,56.0,cuda,cut,0.05,8,float32,0.23514632530449575,20
delay,s1584,2,gcn,relu,0.5,1584,0.15891792509057684,0.21616721375490053,0.161892008003082,0.16813962006055974,True,True,True,"[0.04507, 0.04281, 0.03912]",[],3301,1000,8,6,32,4,30.1,cuda,cut,0.05,8,float32,0.22760433742461253,20
delay,s1584,2,heat,relu,0.5,1584,0.12425687008112847,0.1600316882622406,0.1253492784185301,0.16813962006055974,True,True,True,"[0.04507, 0.04095, 0.02888]","[8.6254, -0.1018, -0.1174, -0.2004]",3301,1000,8,6,32,4,42.1,cuda,cut,0.05,8,float32,0.22760433742461253,20
delay,s1584,2,qw,relu,0.5,1584,0.12648441220576068,0.16780469915708596,0.12809673502223715,0.16813962006055974,True,True,True,"[0.04585, 0.04135, 0.03145]","[1.7099, -0.0089, -0.0833, 2.9159]",3301,1000,8,6,32,4,55.0,cuda,cut,0.05,8,float32,0.22760433742461253,20
delay,s1584,3,gcn,relu,0.5,1584,0.1848220085447477,0.2976381652002041,0.17366349852377563,0.17559238301889157,False,False,True,"[0.04153, 0.03945, 0.03831]",[],3301,1000,8,6,32,4,30.1,cuda,cut,0.05,8,float32,0.23256354205315924,20
delay,s1584,3,heat,relu,0.5,1584,0.1245383688703184,0.16316153956696294,0.12468659152812442,0.17559238301889157,True,True,True,"[0.03959, 0.0305, 0.02635]","[10.1174, -0.2206, -0.2197, -0.2142]",3301,1000,8,6,32,4,41.9,cuda,cut,0.05,8,float32,0.23256354205315924,20
delay,s1584,3,qw,relu,0.5,1584,0.12324614688859521,0.1737027301970447,0.12446817266269741,0.17559238301889157,True,True,True,"[0.03928, 0.02908, 0.02586]","[2.1546, 0.759, -0.0142, 2.9843]",3301,1000,8,6,32,4,52.0,cuda,cut,0.05,8,float32,0.23256354205315924,20
delay,s1584,4,gcn,relu,0.5,1584,0.15573332994558567,0.1961354454167997,0.15684175833420608,0.16771967093591966,True,True,True,"[0.04355, 0.03767, 0.03746]",[],3301,1000,8,6,32,4,30.1,cuda,cut,0.05,8,float32,0.2300894549207899,20
delay,s1584,4,heat,relu,0.5,1584,0.13049239485198474,0.1317656553291958,0.12649648601846003,0.16771967093591966,True,True,True,"[0.04295, 0.02679, 0.0233]","[11.8963, -0.1725, -0.1794, -0.175]",3301,1000,8,6,32,4,42.0,cuda,cut,0.05,8,float32,0.2300894549207899,20
delay,s1584,4,qw,relu,0.5,1584,0.12450437538438675,0.14420224474688462,0.11866848979740889,0.16771967093591966,True,True,True,"[0.04322, 0.02804, 0.02149]","[1.8792, 2.9348, 2.406, -0.0217]",3301,1000,8,6,32,4,50.4,cuda,cut,0.05,8,float32,0.2300894549207899,20
delay,s1584,5,gcn,relu,0.5,1584,0.16200277282031697,0.21697464308457234,0.16387259570256726,0.1695982223801528,True,True,True,"[0.04788, 0.04206, 0.03999]",[],3301,1000,8,6,32,4,30.0,cuda,cut,0.05,8,float32,0.231928506338583,20
delay,s1584,5,heat,relu,0.5,1584,0.13482858676867882,0.15067416085672156,0.12081757303685386,0.1695982223801528,True,True,True,"[0.04298, 0.02452, 0.02368]","[9.9751, 9.5229, -0.1893, -0.2087]",3301,1000,8,6,32,4,42.0,cuda,cut,0.05,8,float32,0.231928506338583,20
delay,s1584,5,qw,relu,0.5,1584,0.11676380806602536,0.13245951743063472,0.09784943332341194,0.1695982223801528,True,True,True,"[0.04452, 0.02355, 0.01897]","[2.0495, 7.1845, 6.3003, -0.102]",3301,1000,8,6,32,4,50.0,cuda,cut,0.05,8,float32,0.231928506338583,20
delay,s1584,6,gcn,relu,0.5,1584,0.15625892062075686,0.19598473317407006,0.15906764710058324,0.16698550508492424,True,False,False,"[0.04433, 0.03861, 0.03874]",[],3301,1000,8,6,32,4,30.0,cuda,cut,0.05,8,float32,0.23130154359730828,20
delay,s1584,6,heat,relu,0.5,1584,0.12092547417972677,0.1444039085991627,0.12026531250218124,0.16698550508492424,True,True,True,"[0.04411, 0.02821, 0.02448]","[12.1519, -0.185, -0.1751, -0.1829]",3301,1000,8,6,32,4,42.4,cuda,cut,0.05,8,float32,0.23130154359730828,20
delay,s1584,6,qw,relu,0.5,1584,0.12769517453657056,0.14339405451864576,0.12679836703245376,0.16698550508492424,True,True,True,"[0.04411, 0.0261, 0.02391]","[2.3764, 2.942, -0.0058, -0.005]",3301,1000,8,6,32,4,51.2,cuda,cut,0.05,8,float32,0.23130154359730828,20
delay,s1584,7,gcn,relu,0.5,1584,0.16450563750464176,0.23738161343666597,0.16461523716501725,0.17015197013660807,True,False,False,"[0.04369, 0.03985, 0.04114]",[],3301,1000,8,6,32,4,30.1,cuda,cut,0.05,8,float32,0.22817133965122297,20
delay,s1584,7,heat,relu,0.5,1584,0.1318750588240193,0.19761221522965078,0.13121673738270245,0.17015197013660807,True,True,True,"[0.04272, 0.02838, 0.02493]","[9.3034, 8.8519, -0.226, -0.2171]",3301,1000,8,6,32,4,42.0,cuda,cut,0.05,8,float32,0.22817133965122297,20
delay,s1584,7,qw,relu,0.5,1584,0.12861526707482843,0.17121478013438063,0.12922807790818472,0.17015197013660807,True,True,True,"[0.04441, 0.03296, 0.02544]","[2.4715, -0.1575, 3.0154, -0.0257]",3301,1000,8,6,32,4,53.5,cuda,cut,0.05,8,float32,0.22817133965122297,20
delay,s1584,8,gcn,relu,0.5,1584,0.16313941322644523,0.21076396209016793,0.1629669027270854,0.1725296807178078,True,False,False,"[0.046, 0.04062, 0.04071]",[],3301,1000,8,6,32,4,30.1,cuda,cut,0.05,8,float32,0.23603059260903947,20
delay,s1584,8,heat,relu,0.5,1584,0.12572591123082957,0.15464983358081075,0.12558319694293496,0.1725296807178078,True,True,True,"[0.04406, 0.03145, 0.02664]","[11.1266, -0.1833, -0.192, -0.201]",3301,1000,8,6,32,4,42.2,cuda,cut,0.05,8,float32,0.23603059260903947,20
delay,s1584,8,qw,relu,0.5,1584,0.17378670357311574,0.22895678913192574,0.17360059746032205,0.1725296807178078,False,False,False,"[0.04467, 0.02689, 0.02758]","[3.1202, 3.6776, 3.7934, 4.4035]",3301,1000,8,6,32,4,54.9,cuda,cut,0.05,8,float32,0.23603059260903947,20
delay,s1584,9,gcn,relu,0.5,1584,0.15689019054219108,0.20501847687646033,0.16087925340142453,0.1675019948737404,True,True,True,"[0.04481, 0.04, 0.03897]",[],3301,1000,8,6,32,4,30.3,cuda,cut,0.05,8,float32,0.22982095839498537,20
delay,s1584,9,heat,relu,0.5,1584,0.12829663229362273,0.17067662292614413,0.12882752865691072,0.1675019948737404,True,True,True,"[0.04535, 0.03991, 0.0304]","[7.5328, -0.2744, -0.2096, -0.2102]",3301,1000,8,6,32,4,42.1,cuda,cut,0.05,8,float32,0.22982095839498537,20
delay,s1584,9,qw,relu,0.5,1584,0.13063402540228403,0.16205836050979208,0.12821694856319657,0.1675019948737404,True,True,True,"[0.04548, 0.03814, 0.02573]","[2.9638, 2.4817, -0.0217, -0.0184]",3301,1000,8,6,32,4,55.7,cuda,cut,0.05,8,float32,0.22982095839498537,20
hops,s264,0,gcn,relu,0.5,264,0.13846228587337664,0.18057886390353586,0.14610914581554066,0.19787345489374164,True,True,True,"[0.05312, 0.03677, 0.03514]",[],3301,1000,8,6,32,4,27.4,cuda,cut,0.05,8,float32,0.280693571562402,20
hops,s264,0,heat,relu,0.5,264,0.061975302861420195,0.0841027459790596,0.06032988062537642,0.19787345489374164,True,True,True,"[0.04231, 0.00767, 0.00585]","[6.5076, -0.2041, -0.2022, -0.2001]",3301,1000,8,6,32,4,40.4,cuda,cut,0.05,8,float32,0.280693571562402,20
hops,s264,0,qw,relu,0.5,264,0.07189849730712747,0.07492956078744235,0.07063315957996316,0.19787345489374164,True,True,True,"[0.04018, 0.00769, 0.00747]","[2.0466, 1.8899, 2.0663, 2.0873]",3301,1000,8,6,32,4,41.5,cuda,cut,0.05,8,float32,0.280693571562402,20
hops,s264,1,gcn,relu,0.5,264,0.15991896390444552,0.23745359256844065,0.17300573932042232,0.20885174311791557,True,True,True,"[0.05547, 0.0435, 0.04229]",[],3301,1000,8,6,32,4,27.4,cuda,cut,0.05,8,float32,0.29127543094454805,20
hops,s264,1,heat,relu,0.5,264,0.05883490714724316,0.06399041572819979,0.04393637796800415,0.20885174311791557,True,True,True,"[0.0443, 0.00561, 0.00364]","[5.4869, -0.1679, -0.1989, -0.2144]",3301,1000,8,6,32,4,40.2,cuda,cut,0.05,8,float32,0.29127543094454805,20
hops,s264,1,qw,relu,0.5,264,0.07002877359363166,0.07495571499900118,0.054113457974215795,0.20885174311791557,True,True,True,"[0.0336, 0.00458, 0.00429]","[0.9894, 1.5441, 1.3731, 1.2995]",3301,1000,8,6,32,4,41.7,cuda,cut,0.05,8,float32,0.29127543094454805,20
hops,s264,2,gcn,relu,0.5,264,0.14600026387147455,0.1933191223988102,0.14996374733252169,0.20518608943728558,True,True,True,"[0.05178, 0.03704, 0.03494]",[],3301,1000,8,6,32,4,27.4,cuda,cut,0.05,8,float32,0.28151911417235204,20
hops,s264,2,heat,relu,0.5,264,0.0626826990146491,0.06391977998858746,0.06161344171656916,0.20518608943728558,True,True,True,"[0.0296, 0.00612, 0.00559]","[2.5843, 2.5911, 2.5897, 0.5736]",3301,1000,8,6,32,4,40.1,cuda,cut,0.05,8,float32,0.28151911417235204,20
hops,s264,2,qw,relu,0.5,264,0.06896780052391642,0.07569930543968595,0.06607746865572126,0.20518608943728558,True,True,True,"[0.04497, 0.00771, 0.00726]","[1.8695, 1.5436, 1.2273, -0.1072]",3301,1000,8,6,32,4,41.7,cuda,cut,0.05,8,float32,0.28151911417235204,20
hops,s264,3,gcn,relu,0.5,264,0.17356620071634576,0.22022752159657233,0.15263908422749603,0.2183135611480196,True,True,True,"[0.04612, 0.03796, 0.03589]",[],3301,1000,8,6,32,4,27.3,cuda,cut,0.05,8,float32,0.2903015533112491,20
hops,s264,3,heat,relu,0.5,264,0.053308205008788995,0.06822191310737986,0.052188937753354286,0.2183135611480196,True,True,True,"[0.03465, 0.00782, 0.00519]","[6.4028, -0.0784, -0.1932, -0.1935]",3301,1000,8,6,32,4,40.6,cuda,cut,0.05,8,float32,0.2903015533112491,20
hops,s264,3,qw,relu,0.5,264,0.05048699929811662,0.05415903257608668,0.05139182388754279,0.2183135611480196,True,True,True,"[0.02739, 0.00781, 0.00463]","[2.98, 0.8829, 0.6392, 2.954]",3301,1000,8,6,32,4,41.5,cuda,cut,0.05,8,float32,0.2903015533112491,20
hops,s264,4,gcn,relu,0.5,264,0.13382580843895223,0.18083143531237078,0.13861363730569737,0.19630108461386028,True,True,True,"[0.04528, 0.03198, 0.0311]",[],3301,1000,8,6,32,4,27.3,cuda,cut,0.05,8,float32,0.27638427471612287,20
hops,s264,4,heat,relu,0.5,264,0.05939788916477501,0.08972290221276424,0.061424877886152404,0.19630108461386028,True,True,True,"[0.03589, 0.00827, 0.00662]","[6.2599, -0.1558, -0.2156, -0.2223]",3301,1000,8,6,32,4,40.5,cuda,cut,0.05,8,float32,0.27638427471612287,20
hops,s264,4,qw,relu,0.5,264,0.0747142079653162,0.08270349088269154,0.07118532059812975,0.19630108461386028,True,True,True,"[0.03341, 0.00818, 0.00775]","[1.9668, 1.7185, 1.715, 1.9041]",3301,1000,8,6,32,4,41.3,cuda,cut,0.05,8,float32,0.27638427471612287,20
hops,s264,5,gcn,relu,0.5,264,0.17915678340142047,0.2686082373671332,0.1925484481105355,0.19923935919256897,True,False,False,"[0.05567, 0.04141, 0.04326]",[],3301,1000,8,6,32,4,27.3,cuda,cut,0.05,8,float32,0.2791314775494313,20
hops,s264,5,heat,relu,0.5,264,0.060659500772622645,0.07176824834326909,0.05403220682108605,0.19923935919256897,True,True,True,"[0.05376, 0.00944, 0.00503]","[6.0002, -0.2064, -0.246, -0.2492]",3301,1000,8,6,32,4,40.4,cuda,cut,0.05,8,float32,0.2791314775494313,20
hops,s264,5,qw,relu,0.5,264,0.07463263641487845,0.07577112955190562,0.06387168660435374,0.19923935919256897,True,True,True,"[0.05497, 0.00835, 0.00659]","[1.5371, 1.9655, 1.1905, -0.0047]",3301,1000,8,6,32,4,41.4,cuda,cut,0.05,8,float32,0.2791314775494313,20
hops,s264,6,gcn,relu,0.5,264,0.13966131331210938,0.1835757530047305,0.14271949672238957,0.1980908092045498,True,True,True,"[0.04735, 0.03717, 0.03319]",[],3301,1000,8,6,32,4,27.3,cuda,cut,0.05,8,float32,0.2824305972873655,20
hops,s264,6,heat,relu,0.5,264,0.056339106872922394,0.08508525121149245,0.06069576104390294,0.1980908092045498,True,True,True,"[0.03751, 0.00826, 0.00608]","[6.3539, -0.1904, -0.2262, -0.222]",3301,1000,8,6,32,4,40.4,cuda,cut,0.05,8,float32,0.2824305972873655,20
hops,s264,6,qw,relu,0.5,264,0.06939768230523725,0.0868501492581406,0.07081787613093514,0.1980908092045498,True,True,True,"[0.03366, 0.00965, 0.00785]","[1.8364, 1.5002, 1.2084, -0.0333]",3301,1000,8,6,32,4,41.3,cuda,cut,0.05,8,float32,0.2824305972873655,20
hops,s264,7,gcn,relu,0.5,264,0.14309881681416448,0.19794332443546936,0.1499910872486053,0.2023148803825895,True,False,False,"[0.04814, 0.0364, 0.03722]",[],3301,1000,8,6,32,4,27.3,cuda,cut,0.05,8,float32,0.2772391338182611,20
hops,s264,7,heat,relu,0.5,264,0.06544781852315999,0.06936952268131484,0.06042961442532639,0.2023148803825895,True,True,True,"[0.0418, 0.00579, 0.0051]","[2.9518, 2.4665, 2.1802, -0.2593]",3301,1000,8,6,32,4,40.2,cuda,cut,0.05,8,float32,0.2772391338182611,20
hops,s264,7,qw,relu,0.5,264,0.06804350721932045,0.08128550499344929,0.06019706418737769,0.2023148803825895,True,True,True,"[0.03485, 0.00657, 0.00616]","[1.3935, 1.4519, 1.429, 1.0415]",3301,1000,8,6,32,4,41.5,cuda,cut,0.05,8,float32,0.2772391338182611,20
hops,s264,8,gcn,relu,0.5,264,0.43033519574920787,0.6694574769489883,0.44207204040492687,0.20912674601857714,False,False,False,"[0.04977, 0.03911, 0.04078]",[],3301,1000,8,6,32,4,27.3,cuda,cut,0.05,8,float32,0.2907939653096018,20
hops,s264,8,heat,relu,0.5,264,0.05309344938664575,0.06900940889231957,0.057871652206151994,0.20912674601857714,True,True,True,"[0.03189, 0.00747, 0.0052]","[4.1978, 3.565, -0.0591, -0.1771]",3301,1000,8,6,32,4,40.5,cuda,cut,0.05,8,float32,0.2907939653096018,20
hops,s264,8,qw,relu,0.5,264,0.0610705780175825,0.07070877241510667,0.06368779699550942,0.20912674601857714,True,True,True,"[0.0299, 0.00704, 0.00656]","[1.5034, 1.4052, 1.3705, 1.4352]",3301,1000,8,6,32,4,41.7,cuda,cut,0.05,8,float32,0.2907939653096018,20
hops,s264,9,gcn,relu,0.5,264,0.13271628505776098,0.18815540279407394,0.1492982127132233,0.19265717992587297,True,True,True,"[0.04657, 0.03625, 0.03463]",[],3301,1000,8,6,32,4,27.3,cuda,cut,0.05,8,float32,0.273270004191279,20
hops,s264,9,heat,relu,0.5,264,0.06576870280468479,0.07462005396250744,0.05708696019736993,0.19265717992587297,True,True,True,"[0.03947, 0.00652, 0.00519]","[2.7657, 2.8073, 2.4775, -0.2613]",3301,1000,8,6,32,4,40.3,cuda,cut,0.05,8,float32,0.273270004191279,20
hops,s264,9,qw,relu,0.5,264,0.07215125057987416,0.08581022802444695,0.06338217726795736,0.19265717992587297,True,True,True,"[0.03745, 0.00741, 0.00685]","[1.7292, 1.4418, 1.0514, -0.1069]",3301,1000,8,6,32,4,41.3,cuda,cut,0.05,8,float32,0.273270004191279,20
delay,s264,0,gcn,relu,0.5,264,0.13302944237695574,0.20412933182656445,0.13510831658354483,0.1784763727337122,True,True,True,"[0.04547, 0.0311, 0.02709]",[],3301,1000,8,6,32,4,27.3,cuda,cut,0.05,8,float32,0.24224253883709823,20
delay,s264,0,heat,relu,0.5,264,0.10319793563938201,0.11970580561744869,0.09690523137705345,0.1784763727337122,True,True,True,"[0.03961, 0.01618, 0.01518]","[4.8158, -0.2056, -0.2128, -0.2099]",3301,1000,8,6,32,4,40.4,cuda,cut,0.05,8,float32,0.24224253883709823,20
delay,s264,0,qw,relu,0.5,264,0.13361199319626044,0.15673117256122038,0.1346425657781462,0.1784763727337122,True,True,True,"[0.0458, 0.03238, 0.02884]","[0.9521, -0.0364, -0.025, -0.0168]",3301,1000,8,6,32,4,41.4,cuda,cut,0.05,8,float32,0.24224253883709823,20
delay,s264,1,gcn,relu,0.5,264,0.15143446759391352,0.16277863372504944,0.14914430703996032,0.18130437167704747,True,True,True,"[0.04309, 0.03265, 0.03088]",[],3301,1000,8,6,32,4,27.3,cuda,cut,0.05,8,float32,0.2482453209224843,20
delay,s264,1,heat,relu,0.5,264,0.10941022100289248,0.11013705636546495,0.0798380071417231,0.18130437167704747,True,True,True,"[0.03589, 0.01179, 0.01025]","[4.5869, -0.1969, -0.1984, -0.1915]",3301,1000,8,6,32,4,40.4,cuda,cut,0.05,8,float32,0.2482453209224843,20
delay,s264,1,qw,relu,0.5,264,0.14888755291008923,0.19242816175144384,0.1548967290225185,0.18130437167704747,True,True,True,"[0.04572, 0.03278, 0.03206]","[0.9726, -0.0186, -0.0314, -0.03]",3301,1000,8,6,32,4,41.6,cuda,cut,0.05,8,float32,0.2482453209224843,20
delay,s264,2,gcn,relu,0.5,264,0.1337675915000904,0.18409374102063822,0.1338379339184471,0.17940558485376337,True,True,True,"[0.04184, 0.03462, 0.03103]",[],3301,1000,8,6,32,4,27.7,cuda,cut,0.05,8,float32,0.2421685143875647,20
delay,s264,2,heat,relu,0.5,264,0.10376104801620423,0.11984094625731179,0.10105345558170511,0.17940558485376337,True,True,True,"[0.03895, 0.01692, 0.01616]","[4.8321, -0.2092, -0.209, -0.2389]",3301,1000,8,6,32,4,40.2,cuda,cut,0.05,8,float32,0.2421685143875647,20
delay,s264,2,qw,relu,0.5,264,0.1327209971736966,0.17376953978716278,0.13362046108390627,0.17940558485376337,True,True,True,"[0.04538, 0.03184, 0.02942]","[0.9909, -0.0509, -0.0482, -0.0569]",3301,1000,8,6,32,4,41.5,cuda,cut,0.05,8,float32,0.2421685143875647,20
delay,s264,3,gcn,relu,0.5,264,0.13781826898592028,0.18071737786919784,0.13254094986283843,0.1834615095661991,True,True,True,"[0.03953, 0.03225, 0.02866]",[],3301,1000,8,6,32,4,27.3,cuda,cut,0.05,8,float32,0.2436870119141773,20
delay,s264,3,heat,relu,0.5,264,0.09751392777825735,0.1197503462691706,0.10273186177999544,0.1834615095661991,True,True,True,"[0.0331, 0.01734, 0.01662]","[4.9275, -0.2039, -0.2036, -0.2028]",3301,1000,8,6,32,4,40.3,cuda,cut,0.05,8,float32,0.2436870119141773,20
delay,s264,3,qw,relu,0.5,264,0.14915167539018306,0.1841439683253958,0.14263135425051476,0.1834615095661991,True,True,True,"[0.03982, 0.03323, 0.03216]","[0.9015, -0.0178, -0.0548, -0.0589]",3301,1000,8,6,32,4,41.2,cuda,cut,0.05,8,float32,0.2436870119141773,20
delay,s264,4,gcn,relu,0.5,264,0.12942078883754973,0.1671004030876387,0.132545213444356,0.1758919300316278,True,True,True,"[0.04085, 0.02881, 0.02851]",[],3301,1000,8,6,32,4,27.3,cuda,cut,0.05,8,float32,0.24038018968527722,20
delay,s264,4,heat,relu,0.5,264,0.1072311301003069,0.13722389776387686,0.10818997524311823,0.1758919300316278,True,True,True,"[0.03592, 0.01885, 0.01835]","[4.4467, -0.2098, -0.2183, -0.2051]",3301,1000,8,6,32,4,40.2,cuda,cut,0.05,8,float32,0.24038018968527722,20
delay,s264,4,qw,relu,0.5,264,0.12686123379219247,0.1677364652548555,0.12929384506688538,0.1758919300316278,True,True,True,"[0.04125, 0.02983, 0.02802]","[0.9847, -0.0084, -0.0197, -0.0272]",3301,1000,8,6,32,4,41.3,cuda,cut,0.05,8,float32,0.24038018968527722,20
delay,s264,5,gcn,relu,0.5,264,0.134097045527376,0.1893418308830007,0.1458857889837501,0.17532704785616715,True,True,True,"[0.04555, 0.03297, 0.03193]",[],3301,1000,8,6,32,4,27.3,cuda,cut,0.05,8,float32,0.23757896651864885,20
delay,s264,5,heat,relu,0.5,264,0.09844675095695438,0.10499283578335933,0.09435899732069988,0.17532704785616715,True,True,True,"[0.04579, 0.0169, 0.01421]","[4.8718, -0.2215, -0.2326, -0.233]",3301,1000,8,6,32,4,40.5,cuda,cut,0.05,8,float32,0.23757896651864885,20
delay,s264,5,qw,relu,0.5,264,0.11545761183581567,0.16378010326842396,0.11436448252590542,0.17532704785616715,True,False,False,"[0.03323, 0.01671, 0.01689]","[1.3474, 1.2269, 0.6798, -0.0822]",3301,1000,8,6,32,4,41.3,cuda,cut,0.05,8,float32,0.23757896651864885,20
delay,s264,6,gcn,relu,0.5,264,0.1290826676578045,0.16818670815441128,0.13307695683254153,0.17780672095838299,True,True,True,"[0.04121, 0.02947, 0.02818]",[],3301,1000,8,6,32,4,27.3,cuda,cut,0.05,8,float32,0.24289243794613513,20
delay,s264,6,heat,relu,0.5,264,0.0991569424937056,0.11994383925658586,0.10006910122253679,0.17780672095838299,True,False,False,"[0.03653, 0.01686, 0.0169]","[4.6778, -0.195, -0.2228, -0.2208]",3301,1000,8,6,32,4,40.3,cuda,cut,0.05,8,float32,0.24289243794613513,20
delay,s264,6,qw,relu,0.5,264,0.1314731033335468,0.16789655747867882,0.13589532883082883,0.17780672095838299,True,True,True,"[0.04168, 0.03011, 0.02976]","[0.9134, -0.0117, -0.0462, -0.0464]",3301,1000,8,6,32,4,41.5,cuda,cut,0.05,8,float32,0.24289243794613513,20
delay,s264,7,gcn,relu,0.5,264,0.13287766413255173,0.1898882357898326,0.13193783690098138,0.17869648637927393,True,False,False,"[0.03941, 0.02888, 0.03011]",[],3301,1000,8,6,32,4,27.3,cuda,cut,0.05,8,float32,0.23892260421323266,20
delay,s264,7,heat,relu,0.5,264,0.1092616291434476,0.14165041158552039,0.09970248343906309,0.17869648637927393,True,True,True,"[0.03475, 0.01522, 0.01459]","[2.765, 2.2283, -0.2141, -0.2425]",3301,1000,8,6,32,4,40.4,cuda,cut,0.05,8,float32,0.23892260421323266,20
delay,s264,7,qw,relu,0.5,264,0.10158654846100494,0.14164221473778188,0.09202972459906684,0.17869648637927393,True,True,True,"[0.03461, 0.01604, 0.01432]","[1.3571, 0.8759, 0.9324, 1.2133]",3301,1000,8,6,32,4,41.6,cuda,cut,0.05,8,float32,0.23892260421323266,20
delay,s264,8,gcn,relu,0.5,264,0.13466444836619,0.18014701678749032,0.13769216445860255,0.1818442901083729,True,True,True,"[0.04056, 0.0302, 0.02971]",[],3301,1000,8,6,32,4,27.3,cuda,cut,0.05,8,float32,0.24550723791554188,20
delay,s264,8,heat,relu,0.5,264,0.09433487767701725,0.11043775595473071,0.1042747838355629,0.1818442901083729,True,True,True,"[0.0335, 0.01739, 0.01691]","[2.7049, 2.2522, -0.1378, -0.1432]",3301,1000,8,6,32,4,40.4,cuda,cut,0.05,8,float32,0.24550723791554188,20
delay,s264,8,qw,relu,0.5,264,0.09827817679439305,0.10590288918323004,0.10748085640476678,0.1818442901083729,True,True,True,"[0.0336, 0.01827, 0.0179]","[1.3308, 0.9358, 0.9999, 1.0019]",3301,1000,8,6,32,4,41.6,cuda,cut,0.05,8,float32,0.24550723791554188,20
delay,s264,9,gcn,relu,0.5,264,0.12836202924995863,0.17272754694902318,0.13113692605508154,0.17468010527881409,True,True,True,"[0.03795, 0.0285, 0.02785]",[],3301,1000,8,6,32,4,27.4,cuda,cut,0.05,8,float32,0.23707024802930401,20
delay,s264,9,heat,relu,0.5,264,0.11214892964603174,0.13501002339481868,0.0979412536217944,0.17468010527881409,True,True,True,"[0.03919, 0.01494, 0.01402]","[2.7081, 2.2647, -0.2704, -0.2741]",3301,1000,8,6,32,4,40.1,cuda,cut,0.05,8,float32,0.23707024802930401,20
delay,s264,9,qw,relu,0.5,264,0.11558429899183337,0.12091881580034934,0.0996371080241674,0.17468010527881409,True,True,True,"[0.03443, 0.01656, 0.01608]","[1.3004, 1.365, 0.7505, -0.0934]",3301,1000,8,6,32,4,41.4,cuda,cut,0.05,8,float32,0.23707024802930401,20
