task,shell,seed,op,t_param,t_init,n_nodes,mae,aurc,train_mae,const_mae,beats_const,valid,monotone,loss_thirds,t_learned,params,epochs,n_train,n_eval,hidden,n_layers,secs,device
hops,s4400,0,gcn,relu,0.5,4400,0.18727057079361242,0.2530495001901643,0.18727057080715892,0.1873957733403553,True,True,True,"[0.07732, 0.0493, 0.04925]",[],3301,200,8,6,32,4,701.1,cuda
hops,s4400,0,heat,relu,0.5,4400,0.18725535341171604,0.2527282476066513,0.1872553547133099,0.1873957733403553,True,True,True,"[0.07735, 0.0493, 0.04924]","[1.043, -0.1409, -0.1403, -0.1406]",3301,200,8,6,32,4,117.2,cuda
hops,s4400,0,qw,relu,0.5,4400,0.18657719804482023,0.25245442561995163,0.18657719470560552,0.1873957733403553,True,True,True,"[0.07734, 0.04921, 0.04891]","[-0.0366, 1.5584, 0.2329, 0.9155]",3301,200,8,6,32,4,229.7,cuda
hops,s4400,1,gcn,relu,0.5,4400,0.18695068544397753,0.2505110863386026,0.1869506854648617,0.1873957731416731,True,True,True,"[0.06326, 0.0493, 0.04921]",[],3301,200,8,6,32,4,490.7,cuda
hops,s4400,1,heat,relu,0.5,4400,0.18725390931196287,0.25272176338272817,0.1872538984939456,0.1873957731416731,True,True,True,"[0.06289, 0.04929, 0.04924]","[1.2077, -0.0826, -0.1422, -0.1506]",3301,200,8,6,32,4,113.8,cuda
hops,s4400,1,qw,relu,0.5,4400,0.18676827623875755,0.2522997137504996,0.1867682561676272,0.1873957731416731,True,True,True,"[0.06329, 0.04929, 0.04907]","[0.7804, 1.4558, -0.0271, -0.0302]",3301,200,8,6,32,4,228.5,cuda
hops,s4400,2,gcn,relu,0.5,4400,0.18734049525224802,0.2526943402429427,0.18734049525789237,0.18739577294299095,True,True,True,"[0.05837, 0.04932, 0.0493]",[],3301,200,8,6,32,4,26.7,cuda
hops,s4400,2,heat,relu,0.5,4400,0.187333479157903,0.2528136734816968,0.1873334791866893,0.18739577294299095,True,True,True,"[0.05836, 0.04932, 0.0493]","[0.6512, -0.0102, -0.1507, -0.1501]",3301,200,8,6,32,4,79.8,cuda
hops,s4400,2,qw,relu,0.5,4400,0.18733382988721134,0.2528136529168275,0.18733382869596507,0.18739577294299095,True,True,True,"[0.05835, 0.04932, 0.0493]","[0.6475, 0.0003, -0.0011, -0.0011]",3301,200,8,6,32,4,247.2,cuda
hops,s4400,3,gcn,relu,0.5,4400,0.18732985124782178,0.2527816037331832,0.18732985123653303,0.18739577334035526,True,False,True,"[0.05352, 0.04932, 0.0493]",[],3301,200,8,6,32,4,21.7,cuda
hops,s4400,3,heat,relu,0.5,4400,0.18732291512304186,0.25277438689829074,0.1873229176364839,0.18739577334035526,True,False,True,"[0.05352, 0.04932, 0.04929]","[0.8614, -0.1694, -0.157, -0.1657]",3301,200,8,6,32,4,70.1,cuda
hops,s4400,3,qw,relu,0.5,4400,0.18625162340869958,0.2514369736775221,0.1862516498764638,0.18739577334035526,True,False,True,"[0.05352, 0.04929, 0.04898]","[0.8295, -0.0322, -0.0173, -0.0593]",3301,200,8,6,32,4,243.1,cuda
hops,s4400,4,gcn,relu,0.5,4400,0.1867260279506445,0.2516579937308391,0.1867260279464112,0.18739577353903739,True,True,True,"[0.06039, 0.04919, 0.04898]",[],3301,200,8,6,32,4,18.4,cuda
hops,s4400,4,heat,relu,0.5,4400,0.18723946686269657,0.25268114741169007,0.1872394620999694,0.18739577353903739,True,True,True,"[0.06046, 0.04928, 0.04923]","[1.7599, -0.1406, -0.1387, -0.1385]",3301,200,8,6,32,4,78.8,cuda
hops,s4400,4,qw,relu,0.5,4400,0.18726874910633673,0.2527193487372878,0.18726873712529513,0.18739577353903739,True,True,True,"[0.0604, 0.04929, 0.04925]","[0.744, 0.5402, 0.055, 0.0121]",3301,200,8,6,32,4,204.3,cuda
hops,s4400,5,gcn,relu,0.5,4400,0.1871873059281797,0.252542825696587,0.18718730593015526,0.1873957731416731,True,True,True,"[0.0663, 0.0493, 0.04921]",[],3301,200,8,6,32,4,18.6,cuda
hops,s4400,5,heat,relu,0.5,4400,0.18704681842728998,0.25951574302014985,0.1870468154778196,0.1873957731416731,True,True,True,"[0.06665, 0.04932, 0.04916]","[0.8644, -0.1388, -0.1378, -0.127]",3301,200,8,6,32,4,86.9,cuda
hops,s4400,5,qw,relu,0.5,4400,0.18685228049755098,0.25190067478707834,0.18685228369537404,0.1873957731416731,True,True,True,"[0.06621, 0.04919, 0.04899]","[-0.0748, 0.9266, 0.9519, 0.3691]",3301,200,8,6,32,4,204.7,cuda
hops,s4400,6,gcn,relu,0.5,4400,0.18714839166312505,0.2558346978609831,0.18714839160611685,0.18739577294299095,True,True,True,"[0.06083, 0.04931, 0.04919]",[],3301,200,8,6,32,4,16.9,cuda
hops,s4400,6,heat,relu,0.5,4400,0.18713622951597877,0.253890293826998,0.18713623198426582,0.18739577294299095,True,True,True,"[0.06105, 0.04931, 0.04923]","[2.0768, -0.1521, -0.1469, -0.1488]",3301,200,8,6,32,4,97.3,cuda
hops,s4400,6,qw,relu,0.5,4400,0.18731864339248702,0.25280340012812574,0.18731865189630875,0.18739577294299095,True,True,True,"[0.06094, 0.04932, 0.04929]","[0.7995, 0.4614, -0.0197, -0.0226]",3301,200,8,6,32,4,204.0,cuda
hops,s4400,7,gcn,relu,0.5,4400,0.18731223476655556,0.2527738698159312,0.1873122347730466,0.18739577294299095,True,True,True,"[0.0575, 0.04931, 0.04928]",[],3301,200,8,6,32,4,20.6,cuda
hops,s4400,7,heat,relu,0.5,4400,0.18729918658394704,0.25275739965475313,0.1872991871876134,0.18739577294299095,True,True,True,"[0.05735, 0.04931, 0.04928]","[1.0349, 0.0218, -0.1544, -0.1533]",3301,200,8,6,32,4,109.2,cuda
hops,s4400,7,qw,relu,0.5,4400,0.18730202703652057,0.2527628302276577,0.18730202817950736,0.18739577294299095,True,True,True,"[0.05739, 0.04931, 0.04928]","[0.7427, 0.5026, -0.0189, -0.0178]",3301,200,8,6,32,4,193.0,cuda
hops,s4400,8,gcn,relu,0.5,4400,0.18578722686662028,0.2502367425013415,0.1857872268809429,0.18739577334035526,True,True,True,"[0.06676, 0.04923, 0.04884]",[],3301,200,8,6,32,4,19.3,cuda
hops,s4400,8,heat,relu,0.5,4400,0.18621157734795954,0.24884184661789174,0.18621158847415992,0.18739577334035526,True,True,True,"[0.06713, 0.04926, 0.04895]","[2.4674, -0.1309, -0.1379, -0.1381]",3301,200,8,6,32,4,114.8,cuda
hops,s4400,8,qw,relu,0.5,4400,0.18578384158624842,0.2537701392387524,0.18578384148972954,0.18739577334035526,True,True,True,"[0.0668, 0.04917, 0.04864]","[-0.1279, 1.6394, 0.6981, 1.0593]",3301,200,8,6,32,4,193.8,cuda
hops,s4400,9,gcn,relu,0.5,4400,0.18736643930727784,0.2528755886578315,0.18736643930558455,0.18739577334035526,True,True,True,"[0.05878, 0.04934, 0.04933]",[],3301,200,8,6,32,4,18.8,cuda
hops,s4400,9,heat,relu,0.5,4400,0.18736560493368995,0.2528741701260601,0.1873656020635231,0.18739577334035526,True,True,True,"[0.05878, 0.04934, 0.04933]","[0.6445, -0.1874, -0.1791, -0.173]",3301,200,8,6,32,4,102.2,cuda
hops,s4400,9,qw,relu,0.5,4400,0.17401607453484425,0.24317721771426992,0.17401607560269028,0.18739577334035526,True,True,True,"[0.05874, 0.04911, 0.04761]","[-0.123, 0.7348, -0.1436, 2.1945]",3301,200,8,6,32,4,218.6,cuda
delay,s4400,0,gcn,relu,0.5,4400,0.16879514193839648,0.22114911171858398,0.16805298533232418,0.1685373764863294,False,True,True,"[0.07259, 0.04198, 0.04192]",[],3301,200,8,6,32,4,20.7,cuda
delay,s4400,0,heat,relu,0.5,4400,0.16794525910451105,0.22372946240681393,0.16724995921900368,0.1685373764863294,True,True,True,"[0.07259, 0.0419, 0.04145]","[1.7421, -0.119, -0.0946, -0.0947]",3301,200,8,6,32,4,118.1,cuda
delay,s4400,0,qw,relu,0.5,4400,0.1687792921049351,0.22113462823636051,0.16803692502419423,0.1685373764863294,False,True,True,"[0.0726, 0.04197, 0.04191]","[0.7249, -0.017, -0.0151, -0.0219]",3301,200,8,6,32,4,209.2,cuda
delay,s4400,1,gcn,relu,0.5,4400,0.16804644442872482,0.22205786642601366,0.17267629158757203,0.1681745908082336,True,True,True,"[0.0589, 0.04394, 0.04386]",[],3301,200,8,6,32,4,20.7,cuda
delay,s4400,1,heat,relu,0.5,4400,0.1688288031710721,0.22634475285640046,0.17317332007149658,0.1681745908082336,False,True,True,"[0.05849, 0.04394, 0.04388]","[1.1168, -0.1073, -0.1464, -0.1388]",3301,200,8,6,32,4,95.2,cuda
delay,s4400,1,qw,relu,0.5,4400,0.1676368553101466,0.22671220821984361,0.17195172967717307,0.1681745908082336,True,True,True,"[0.05889, 0.0438, 0.04331]","[0.9858, 1.5352, -0.0191, -0.0276]",3301,200,8,6,32,4,211.6,cuda
delay,s4400,2,gcn,relu,0.5,4400,0.16956784974753672,0.22357472334013148,0.1696558415984989,0.16905582442285252,False,True,True,"[0.05255, 0.04259, 0.04257]",[],3301,200,8,6,32,4,21.0,cuda
delay,s4400,2,heat,relu,0.5,4400,0.16956131249862003,0.22357648970072683,0.16964929688319733,0.16905582442285252,False,True,True,"[0.05264, 0.04259, 0.04256]","[0.6408, -0.1542, -0.1576, -0.1579]",3301,200,8,6,32,4,105.0,cuda
delay,s4400,2,qw,relu,0.5,4400,0.16949429054347673,0.22330050085577344,0.1695826219252988,0.16905582442285252,False,True,True,"[0.05237, 0.04259, 0.04255]","[0.719, -0.003, -0.0298, -0.028]",3301,200,8,6,32,4,196.1,cuda
delay,s4400,3,gcn,relu,0.5,4400,0.16968120542146745,0.22439524962967872,0.16997458133600463,0.1694270793341848,False,True,True,"[0.04759, 0.04271, 0.04268]",[],3301,200,8,6,32,4,20.7,cuda
delay,s4400,3,heat,relu,0.5,4400,0.1696711259972036,0.22436548376833365,0.16996482617568373,0.1694270793341848,False,True,True,"[0.04759, 0.0427, 0.04267]","[0.8104, -0.1637, -0.167, -0.1647]",3301,200,8,6,32,4,89.9,cuda
delay,s4400,3,qw,relu,0.5,4400,0.16959163987321188,0.2237365216794617,0.16989175811671886,0.1694270793341848,False,True,True,"[0.04759, 0.0427, 0.04267]","[0.6873, -0.0256, -0.0073, -0.0561]",3301,200,8,6,32,4,181.1,cuda
delay,s4400,4,gcn,relu,0.5,4400,0.16326501308862743,0.21979766821337066,0.16925910049626097,0.16370655849808827,True,True,True,"[0.05499, 0.04263, 0.04231]",[],3301,200,8,6,32,4,20.9,cuda
delay,s4400,4,heat,relu,0.5,4400,0.16430804379855876,0.22097614216801756,0.17021391863257368,0.16370655849808827,False,True,True,"[0.05502, 0.04279, 0.04274]","[1.2407, -0.1389, -0.1386, -0.1386]",3301,200,8,6,32,4,95.0,cuda
delay,s4400,4,qw,relu,0.5,4400,0.1643266569552802,0.2209997636209038,0.17023075790652498,0.16370655849808827,False,True,True,"[0.055, 0.0428, 0.04275]","[0.7318, -0.0114, -0.0134, -0.0129]",3301,200,8,6,32,4,180.7,cuda
delay,s4400,5,gcn,relu,0.5,4400,0.17242260653504426,0.22573295305607388,0.17150811984320172,0.1723792550699418,False,True,True,"[0.06228, 0.04338, 0.04331]",[],3301,200,8,6,32,4,20.6,cuda
delay,s4400,5,heat,relu,0.5,4400,0.17072561808699516,0.22142932004491211,0.1697130340010732,0.1723792550699418,True,True,True,"[0.06199, 0.04323, 0.0426]","[-0.1009, 2.7434, -0.2222, -0.0836]",3301,200,8,6,32,4,75.0,cuda
delay,s4400,5,qw,relu,0.5,4400,0.17225282418097118,0.22552317718173195,0.17133362654712983,0.1723792550699418,True,True,True,"[0.06217, 0.04331, 0.04312]","[-0.0668, 0.9007, 0.5898, 0.458]",3301,200,8,6,32,4,150.8,cuda
delay,s4400,6,gcn,relu,0.5,4400,0.1700988288760665,0.22630978947984334,0.17077330244003944,0.16957343020060126,False,True,True,"[0.05572, 0.04302, 0.04298]",[],3301,200,8,6,32,4,20.5,cuda
delay,s4400,6,heat,relu,0.5,4400,0.17006379484064935,0.2239246716903347,0.17073017527071482,0.16957343020060126,False,True,True,"[0.05591, 0.04301, 0.04298]","[1.4208, -0.1561, -0.162, -0.1539]",3301,200,8,6,32,4,74.7,cuda
delay,s4400,6,qw,relu,0.5,4400,0.17006541687832918,0.22392954853438127,0.1707318116485046,0.16957343020060126,False,True,True,"[0.05573, 0.04301, 0.04298]","[0.7371, -0.0135, -0.0224, -0.0234]",3301,200,8,6,32,4,131.5,cuda
delay,s4400,7,gcn,relu,0.5,4400,0.16960104220723168,0.22993064754519824,0.1729550656386577,0.16855580671245907,False,True,True,"[0.0527, 0.04374, 0.0437]",[],3301,200,8,6,32,4,21.1,cuda
delay,s4400,7,heat,relu,0.5,4400,0.16913420429375645,0.22467666231829786,0.17270715345779372,0.16855580671245907,False,True,True,"[0.05271, 0.04374, 0.0437]","[0.9455, -0.1256, -0.1618, -0.1611]",3301,200,8,6,32,4,67.2,cuda
delay,s4400,7,qw,relu,0.5,4400,0.16913379292123754,0.22467396504351908,0.172706856312553,0.16855580671245907,False,True,True,"[0.0525, 0.04374, 0.0437]","[0.7304, 0.4241, -0.0197, -0.0186]",3301,200,8,6,32,4,126.9,cuda
delay,s4400,8,gcn,relu,0.5,4400,0.1696419959745342,0.21809461620902357,0.1607624565639311,0.1717388086116901,True,True,True,"[0.0601, 0.04022, 0.03951]",[],3301,200,8,6,32,4,20.5,cuda
delay,s4400,8,heat,relu,0.5,4400,0.1739905687686846,0.2029741366159252,0.16279438564768167,0.1717388086116901,False,True,True,"[0.06022, 0.04027, 0.03988]","[2.37, -0.1372, -0.1459, -0.1546]",3301,200,8,6,32,4,67.2,cuda
delay,s4400,8,qw,relu,0.5,4400,0.17126715124725844,0.21549256522238325,0.1619716160638861,0.1717388086116901,True,True,True,"[0.06012, 0.04025, 0.03978]","[0.9138, 1.5171, -0.0211, -0.0192]",3301,200,8,6,32,4,126.7,cuda
delay,s4400,9,gcn,relu,0.5,4400,0.16951044748198577,0.2290888516038925,0.1744790977344647,0.16853683081286197,False,True,True,"[0.05452, 0.04447, 0.04445]",[],3301,200,8,6,32,4,19.8,cuda
delay,s4400,9,heat,relu,0.5,4400,0.16950893267170722,0.22908094181533148,0.17447831110301196,0.16853683081286197,False,True,True,"[0.05448, 0.04447, 0.04446]","[0.6538, -0.1901, -0.1901, -0.1856]",3301,200,8,6,32,4,67.3,cuda
delay,s4400,9,qw,relu,0.5,4400,0.16876080080838593,0.22651179783683184,0.17396398754316827,0.16853683081286197,False,True,True,"[0.05446, 0.04443, 0.04439]","[-0.0535, 0.8875, -0.025, -0.0323]",3301,200,8,6,32,4,126.2,cuda
hops,s3168,0,gcn,relu,0.5,3168,0.17733344873131227,0.24513958222873844,0.17733344870309034,0.1775131322700618,True,True,True,"[0.07382, 0.04561, 0.04554]",[],3301,200,8,6,32,4,12.5,cuda
hops,s3168,0,heat,relu,0.5,3168,0.17713456208776898,0.2447298491799811,0.1771345623272631,0.1775131322700618,True,True,True,"[0.07382, 0.0456, 0.04546]","[1.2443, -0.1315, -0.1196, -0.12]",3301,200,8,6,32,4,28.3,cuda
hops,s3168,0,qw,relu,0.5,3168,0.17560239047633627,0.24432509083674928,0.17560238910796627,0.1775131322700618,True,True,True,"[0.07384, 0.04543, 0.04474]","[-0.0613, 1.5784, 0.4757, 0.9719]",3301,200,8,6,32,4,53.0,cuda
hops,s3168,1,gcn,relu,0.5,3168,0.17653629003462668,0.24097546646554505,0.17653629002913906,0.17751313254600928,True,True,True,"[0.0597, 0.04561, 0.04545]",[],3301,200,8,6,32,4,12.5,cuda
hops,s3168,1,heat,relu,0.5,3168,0.1773130048586915,0.24474982728651096,0.17731300798465846,0.17751313254600928,True,True,True,"[0.05952, 0.04561, 0.04554]","[1.1206, -0.1494, -0.1509, -0.1474]",3301,200,8,6,32,4,28.2,cuda
hops,s3168,1,qw,relu,0.5,3168,0.175516504421203,0.2405400763928055,0.17551649788940193,0.17751313254600928,True,True,True,"[0.05973, 0.04542, 0.0447]","[1.03, 1.5729, -0.0077, -0.0097]",3301,200,8,6,32,4,52.9,cuda
hops,s3168,2,gcn,relu,0.5,3168,0.17742854214872325,0.24488719080220153,0.17742854214597947,0.17751313199411436,True,True,True,"[0.05472, 0.04565, 0.04562]",[],3301,200,8,6,32,4,12.7,cuda
hops,s3168,2,heat,relu,0.5,3168,0.17742194986027301,0.24487951775989317,0.17742195071280945,0.17751313199411436,True,True,True,"[0.05479, 0.04565, 0.04561]","[0.6535, -0.0187, -0.1594, -0.1596]",3301,200,8,6,32,4,28.3,cuda
hops,s3168,2,qw,relu,0.5,3168,0.1774195115417493,0.2448750509898013,0.17741951301830322,0.17751313199411436,True,True,True,"[0.05474, 0.04565, 0.04561]","[0.6509, -0.0041, -0.0108, -0.0106]",3301,200,8,6,32,4,52.7,cuda
hops,s3168,3,gcn,relu,0.5,3168,0.17742076894168046,0.24467355023852935,0.17742076895500747,0.1775131328219567,True,False,True,"[0.04991, 0.04564, 0.04561]",[],3301,200,8,6,32,4,12.5,cuda
hops,s3168,3,heat,relu,0.5,3168,0.1771794930461054,0.24485130097134844,0.17717949202110184,0.1775131328219567,True,False,True,"[0.0499, 0.04564, 0.04552]","[0.3638, -0.159, -0.1615, -0.1543]",3301,200,8,6,32,4,28.3,cuda
hops,s3168,3,qw,relu,0.5,3168,0.17751079167769312,0.23732225809100915,0.177510798185584,0.1775131328219567,True,False,False,"[0.04991, 0.04557, 0.04605]","[1.0168, -0.0347, -0.0266, -0.0582]",3301,200,8,6,32,4,52.5,cuda
hops,s3168,4,gcn,relu,0.5,3168,0.17693081356252635,0.24145799300188217,0.1769308134104417,0.17751313227006182,True,True,True,"[0.05681, 0.0456, 0.04537]",[],3301,200,8,6,32,4,12.4,cuda
hops,s3168,4,heat,relu,0.5,3168,0.17729459250477528,0.2446948567002464,0.17729459082557247,0.17751313227006182,True,True,True,"[0.05672, 0.0456, 0.04553]","[1.5691, -0.1412, -0.1397, -0.1397]",3301,200,8,6,32,4,28.1,cuda
hops,s3168,4,qw,relu,0.5,3168,0.17732751308015302,0.24474656601852662,0.17732750924275906,0.17751313227006182,True,True,True,"[0.05681, 0.0456, 0.04554]","[0.7353, -0.0059, -0.0108, -0.0113]",3301,200,8,6,32,4,52.4,cuda
hops,s3168,5,gcn,relu,0.5,3168,0.17736426420409468,0.24481375193755228,0.17736426426328228,0.17751313254600923,True,True,True,"[0.06278, 0.04564, 0.04558]",[],3301,200,8,6,32,4,12.4,cuda
hops,s3168,5,heat,relu,0.5,3168,0.17714580720108666,0.244674686201892,0.17714580768399468,0.17751313254600923,True,True,True,"[0.06308, 0.04563, 0.0455]","[1.3487, -0.1315, -0.1339, -0.135]",3301,200,8,6,32,4,28.2,cuda
hops,s3168,5,qw,relu,0.5,3168,0.1767402550610102,0.2440795794536141,0.17674025297729357,0.17751313254600923,True,True,True,"[0.06268, 0.04548, 0.04521]","[-0.0734, 0.9144, 0.8407, -0.0403]",3301,200,8,6,32,4,52.8,cuda
hops,s3168,6,gcn,relu,0.5,3168,0.17704309963680778,0.24436384653264956,0.17704309963602385,0.17751313199411436,True,True,True,"[0.05731, 0.04565, 0.04558]",[],3301,200,8,6,32,4,12.7,cuda
hops,s3168,6,heat,relu,0.5,3168,0.17655809409602827,0.24099256143618772,0.1765580916673773,0.17751313199411436,True,True,True,"[0.05748, 0.04563, 0.04538]","[2.2548, -0.1614, -0.1461, -0.1536]",3301,200,8,6,32,4,28.3,cuda
hops,s3168,6,qw,relu,0.5,3168,0.17739059045747774,0.24484669866204944,0.1773905873632604,0.17751313199411436,True,True,True,"[0.0573, 0.04564, 0.0456]","[0.7285, -0.0016, -0.0139, -0.0123]",3301,200,8,6,32,4,52.8,cuda
hops,s3168,7,gcn,relu,0.5,3168,0.17738990975788446,0.2448223573115997,0.17738990974730123,0.17751313254600923,True,True,True,"[0.05391, 0.04564, 0.04559]",[],3301,200,8,6,32,4,12.5,cuda
hops,s3168,7,heat,relu,0.5,3168,0.1773718630233372,0.24479873335442912,0.17737185924121113,0.17751313254600923,True,True,True,"[0.05377, 0.04563, 0.04558]","[0.9946, -0.0466, -0.1638, -0.1609]",3301,200,8,6,32,4,28.3,cuda
hops,s3168,7,qw,relu,0.5,3168,0.1773734598856432,0.2448079086182806,0.177373459136979,0.17751313254600923,True,True,True,"[0.0538, 0.04563, 0.04558]","[0.7262, 0.4148, -0.023, -0.0204]",3301,200,8,6,32,4,57.7,cuda
hops,s3168,8,gcn,relu,0.5,3168,0.17828965863849502,0.21905707851777054,0.17828965863016566,0.17751313199411436,False,True,True,"[0.06328, 0.04558, 0.04521]",[],3301,200,8,6,32,4,12.0,cuda
hops,s3168,8,heat,relu,0.5,3168,0.179549228265938,0.21221633352107583,0.1795492206272114,0.17751313199411436,False,True,True,"[0.06358, 0.04552, 0.04483]","[2.739, -0.1364, -0.1525, -0.1528]",3301,200,8,6,32,4,49.2,cuda
hops,s3168,8,qw,relu,0.5,3168,0.17357044587670653,0.23801929727848523,0.17357044344805556,0.17751313199411436,True,True,True,"[0.06329, 0.04554, 0.04472]","[0.9721, 1.5395, -0.0277, -0.0277]",3301,200,8,6,32,4,87.8,cuda
hops,s3168,9,gcn,relu,0.5,3168,0.1774674580912247,0.24496271246839238,0.1774674580912247,0.17751313199411436,True,True,True,"[0.05521, 0.04567, 0.04565]",[],3301,200,8,6,32,4,12.6,cuda
hops,s3168,9,heat,relu,0.5,3168,0.17746668084138872,0.24496160713393234,0.17746667986420556,0.17751313199411436,True,True,True,"[0.05521, 0.04567, 0.04565]","[0.6404, -0.1936, -0.1856, -0.1755]",3301,200,8,6,32,4,28.2,cuda
hops,s3168,9,qw,relu,0.5,3168,0.1773059974841598,0.24484715914645047,0.17730599577595113,0.17751313199411436,True,False,False,"[0.05516, 0.04554, 0.04555]","[0.4932, 0.727, -0.1109, -0.0123]",3301,200,8,6,32,4,52.7,cuda
delay,s3168,0,gcn,relu,0.5,3168,0.17136415415249454,0.22926134115880878,0.16952226747908028,0.17132890445224533,False,True,True,"[0.0729, 0.04258, 0.04251]",[],3301,200,8,6,32,4,13.5,cuda
delay,s3168,0,heat,relu,0.5,3168,0.16709094455393944,0.21204546190473858,0.1651518802247316,0.17132890445224533,True,True,True,"[0.0729, 0.04239, 0.04099]","[2.4108, -0.113, -0.0323, -0.0329]",3301,200,8,6,32,4,29.4,cuda
delay,s3168,0,qw,relu,0.5,3168,0.1705473444146466,0.2289066647808249,0.16870358276546632,0.17132890445224533,True,True,True,"[0.07289, 0.04235, 0.04196]","[-0.0981, 0.8273, 0.7513, 0.7071]",3301,200,8,6,32,4,54.0,cuda
delay,s3168,1,gcn,relu,0.5,3168,0.16563678772695542,0.2316084846875789,0.17189456316235452,0.16584156552513496,True,True,True,"[0.05897, 0.04391, 0.04372]",[],3301,200,8,6,32,4,13.5,cuda
delay,s3168,1,heat,relu,0.5,3168,0.16651303994499525,0.23010202450411818,0.17294080380959326,0.16584156552513496,False,True,True,"[0.05856, 0.0439, 0.04382]","[1.0987, -0.1104, -0.1495, -0.1436]",3301,200,8,6,32,4,29.2,cuda
delay,s3168,1,qw,relu,0.5,3168,0.16404084506437186,0.238031633390599,0.1695712081140429,0.16584156552513496,True,True,True,"[0.05894, 0.04369, 0.04244]","[-0.1405, 1.4182, 1.7876, 0.3796]",3301,200,8,6,32,4,54.1,cuda
delay,s3168,2,gcn,relu,0.5,3168,0.17022736463597773,0.22734275811558247,0.16897788145345685,0.16977395215020782,False,True,True,"[0.05225, 0.04238, 0.04235]",[],3301,200,8,6,32,4,13.8,cuda
delay,s3168,2,heat,relu,0.5,3168,0.17021411832054348,0.22733391420257845,0.16896448454402463,0.16977395215020782,False,True,True,"[0.05252, 0.04238, 0.04234]","[0.6427, -0.052, -0.1655, -0.1653]",3301,200,8,6,32,4,29.5,cuda
delay,s3168,2,qw,relu,0.5,3168,0.17008239262943511,0.2308539834346678,0.16889730739418118,0.16977395215020782,False,True,True,"[0.05223, 0.04238, 0.04229]","[0.7197, -0.0087, -0.0357, -0.0365]",3301,200,8,6,32,4,53.7,cuda
delay,s3168,3,gcn,relu,0.5,3168,0.16723401869357343,0.22726067269515113,0.16949601227293676,0.166839625445786,False,True,True,"[0.04746, 0.04256, 0.04252]",[],3301,200,8,6,32,4,13.7,cuda
delay,s3168,3,heat,relu,0.5,3168,0.1672099995582544,0.22721072739869366,0.16947415405685215,0.166839625445786,False,True,True,"[0.04746, 0.04256, 0.04251]","[0.8556, -0.1558, -0.1582, -0.1621]",3301,200,8,6,32,4,29.5,cuda
delay,s3168,3,qw,relu,0.5,3168,0.16641863143963853,0.22212477511605333,0.16890668263295083,0.166839625445786,True,True,True,"[0.04746, 0.04256, 0.0424]","[0.7375, -0.0184, -0.0052, -0.0567]",3301,200,8,6,32,4,53.5,cuda
delay,s3168,4,gcn,relu,0.5,3168,0.16895614753789676,0.22381362448390937,0.16621898482521322,0.16887261622057373,False,True,True,"[0.05385, 0.04131, 0.04125]",[],3301,200,8,6,32,4,13.4,cuda
delay,s3168,4,heat,relu,0.5,3168,0.16736619269151184,0.2152244501471353,0.16432913868806226,0.16887261622057373,True,True,True,"[0.05399, 0.0413, 0.04078]","[2.044, -0.1434, -0.1331, -0.133]",3301,200,8,6,32,4,29.2,cuda
delay,s3168,4,qw,relu,0.5,3168,0.16893272951485586,0.2238699532625912,0.16619755997515936,0.16887261622057373,False,True,True,"[0.05397, 0.04131, 0.04124]","[0.7236, -0.0162, -0.0167, -0.016]",3301,200,8,6,32,4,53.5,cuda
delay,s3168,5,gcn,relu,0.5,3168,0.17625450472258655,0.23022451084397133,0.16952850874124603,0.17610110356471453,False,True,True,"[0.06175, 0.04259, 0.04255]",[],3301,200,8,6,32,4,13.7,cuda
delay,s3168,5,heat,relu,0.5,3168,0.1762759604818883,0.23025083718196684,0.16955271746264033,0.17610110356471453,False,True,True,"[0.06184, 0.04259, 0.04256]","[0.6745, -0.1352, -0.1387, -0.1394]",3301,200,8,6,32,4,29.6,cuda
delay,s3168,5,qw,relu,0.5,3168,0.1755238468007648,0.23015090852540218,0.16879437664990998,0.17610110356471453,True,True,True,"[0.0618, 0.04242, 0.04212]","[-0.0731, 0.9074, 0.7134, 0.3375]",3301,200,8,6,32,4,54.1,cuda
delay,s3168,6,gcn,relu,0.5,3168,0.17001730157944342,0.22448455446406157,0.1683505998615036,0.16982241262550865,False,True,True,"[0.05531, 0.04222, 0.04217]",[],3301,200,8,6,32,4,13.6,cuda
delay,s3168,6,heat,relu,0.5,3168,0.169283849727527,0.22371188912676176,0.16758930202551636,0.16982241262550865,True,True,True,"[0.05549, 0.0422, 0.04202]","[2.2642, -0.1493, -0.152, -0.1609]",3301,200,8,6,32,4,29.1,cuda
delay,s3168,6,qw,relu,0.5,3168,0.17017590517263628,0.2251924276287358,0.16853543878732116,0.16982241262550865,False,True,True,"[0.05532, 0.04221, 0.04216]","[0.7254, -0.0198, -0.0243, -0.0245]",3301,200,8,6,32,4,53.6,cuda
delay,s3168,7,gcn,relu,0.5,3168,0.16831196157648995,0.2299294832405384,0.17180662898078822,0.1677615015280687,False,True,True,"[0.05242, 0.04346, 0.04341]",[],3301,200,8,6,32,4,13.5,cuda
delay,s3168,7,heat,relu,0.5,3168,0.16829756956652545,0.2299147681108152,0.17179316841804504,0.1677615015280687,False,True,True,"[0.05243, 0.04346, 0.04341]","[0.9526, -0.1353, -0.1643, -0.164]",3301,200,8,6,32,4,29.3,cuda
delay,s3168,7,qw,relu,0.5,3168,0.1682958319318333,0.22991251268159274,0.17179158178068882,0.1677615015280687,False,True,True,"[0.05223, 0.04346, 0.04341]","[0.7216, 0.4125, -0.0236, -0.0236]",3301,200,8,6,32,4,53.9,cuda
delay,s3168,8,gcn,relu,0.5,3168,0.16881732441564692,0.22902598644797978,0.1700094686106369,0.17050358094005516,True,True,True,"[0.06241, 0.04351, 0.04315]",[],3301,200,8,6,32,4,13.6,cuda
delay,s3168,8,heat,relu,0.5,3168,0.16694444126292937,0.2202255510012583,0.16826876813553615,0.17050358094005516,True,True,True,"[0.06267, 0.04344, 0.04275]","[2.499, -0.1451, -0.1453, -0.1453]",3301,200,8,6,32,4,29.2,cuda
delay,s3168,8,qw,relu,0.5,3168,0.16732828267847044,0.21510280169737708,0.1687301853329553,0.17050358094005516,True,True,True,"[0.06242, 0.04346, 0.04258]","[0.9739, 1.5784, -0.0238, -0.0246]",3301,200,8,6,32,4,53.9,cuda
delay,s3168,9,gcn,relu,0.5,3168,0.1703821459139038,0.22804347336575415,0.17123547384850246,0.1699008036630525,False,True,True,"[0.05385, 0.04323, 0.04321]",[],3301,200,8,6,32,4,13.5,cuda
delay,s3168,9,heat,relu,0.5,3168,0.17038100864360953,0.22804197971240492,0.17123433760203588,0.1699008036630525,False,True,True,"[0.05385, 0.04323, 0.04321]","[0.6381, -0.1972, -0.1876, -0.1974]",3301,200,8,6,32,4,29.3,cuda
delay,s3168,9,qw,relu,0.5,3168,0.16935049769364144,0.2290077882300877,0.17020546421348387,0.1699008036630525,True,True,True,"[0.05382, 0.0431, 0.04267]","[0.3758, 0.6991, -0.0182, -0.0432]",3301,200,8,6,32,4,53.8,cuda
hops,s1584,0,gcn,relu,0.5,1584,0.2014363949619836,0.25760995438503226,0.20143639497139088,0.20184178746803996,True,True,True,"[0.08417, 0.05569, 0.05555]",[],3301,200,8,6,32,4,7.4,cuda
hops,s1584,0,heat,relu,0.5,1584,0.18696091472883067,0.24525707359695192,0.18696091304570814,0.20184178746803996,True,True,True,"[0.08415, 0.05499, 0.05117]","[0.4267, -0.0421, 2.2206, 2.1099]",3301,200,8,6,32,4,10.0,cuda
hops,s1584,0,qw,relu,0.5,1584,0.19945691100883012,0.25388202168570123,0.19945691033934404,0.20184178746803996,True,True,True,"[0.08416, 0.05532, 0.05445]","[-0.0918, 0.9261, 0.922, 0.3863]",3301,200,8,6,32,4,10.3,cuda
hops,s1584,1,gcn,relu,0.5,1584,0.19830499251721181,0.2620811371990281,0.19830499270888555,0.20184178746803996,True,True,True,"[0.06998, 0.0557, 0.05498]",[],3301,200,8,6,32,4,7.4,cuda
hops,s1584,1,heat,relu,0.5,1584,0.20130845337246958,0.25770231172096275,0.20130845078389453,0.20184178746803996,True,True,True,"[0.0698, 0.05569, 0.05551]","[1.0705, -0.1542, -0.1551, -0.1522]",3301,200,8,6,32,4,10.0,cuda
hops,s1584,1,qw,relu,0.5,1584,0.1995190307984022,0.2574730826414957,0.19951903156352918,0.20184178746803996,True,True,True,"[0.07, 0.05541, 0.05454]","[-0.12, 0.9599, 0.6418, 0.6927]",3301,200,8,6,32,4,10.5,cuda
hops,s1584,2,gcn,relu,0.5,1584,0.20163656215368445,0.2580379608775308,0.20163656215682024,0.20184178746803996,True,True,True,"[0.06488, 0.05578, 0.05571]",[],3301,200,8,6,32,4,7.5,cuda
hops,s1584,2,heat,relu,0.5,1584,0.20162890177151116,0.2580578451020696,0.20162890044116236,0.20184178746803996,True,True,True,"[0.06505, 0.05578, 0.0557]","[0.6674, -0.0561, -0.162, -0.162]",3301,200,8,6,32,4,10.1,cuda
hops,s1584,2,qw,relu,0.5,1584,0.1989090412914728,0.25528454321561533,0.19890903983549732,0.20184178746803996,True,True,True,"[0.06489, 0.05567, 0.0547]","[0.7857, -0.0667, -0.0929, -0.0936]",3301,200,8,6,32,4,10.4,cuda
hops,s1584,3,gcn,relu,0.5,1584,0.2015764906089941,0.25789546944280367,0.20157649059723498,0.20184178746803996,True,False,True,"[0.06013, 0.05577, 0.05567]",[],3301,200,8,6,32,4,7.4,cuda
hops,s1584,3,heat,relu,0.5,1584,0.2018565635686044,0.27633732082507506,0.20185656717159983,0.20184178746803996,False,False,True,"[0.06012, 0.05566, 0.05554]","[1.9877, -0.1614, -0.1708, -0.1601]",3301,200,8,6,32,4,10.1,cuda
hops,s1584,3,qw,relu,0.5,1584,0.20054514688574507,0.26746587601449295,0.2005451481631778,0.20184178746803996,True,False,True,"[0.06013, 0.05553, 0.05505]","[0.9193, -0.0386, -0.0282, -0.0606]",3301,200,8,6,32,4,10.4,cuda
hops,s1584,4,gcn,relu,0.5,1584,0.2002949403984604,0.2549857124363082,0.20029494033496112,0.20184178746803996,True,True,True,"[0.06705, 0.0553, 0.05501]",[],3301,200,8,6,32,4,7.4,cuda
hops,s1584,4,heat,relu,0.5,1584,0.20123044184255426,0.25754000451046394,0.20123043999245221,0.20184178746803996,True,True,True,"[0.06696, 0.05566, 0.05547]","[1.4937, -0.1378, -0.1373, -0.1373]",3301,200,8,6,32,4,10.0,cuda
hops,s1584,4,qw,relu,0.5,1584,0.20062530970652445,0.25999391759562324,0.2006253110423609,0.20184178746803996,True,False,False,"[0.06704, 0.05523, 0.05561]","[1.014, -0.022, -0.0295, -0.0289]",3301,200,8,6,32,4,10.4,cuda
hops,s1584,5,gcn,relu,0.5,1584,0.2015367879356675,0.2580021435827487,0.20153678794664265,0.20184178746803996,True,True,True,"[0.07315, 0.05577, 0.05567]",[],3301,200,8,6,32,4,7.4,cuda
hops,s1584,5,heat,relu,0.5,1584,0.1954121452690375,0.2435454575638397,0.19541214728572714,0.20184178746803996,True,True,True,"[0.0734, 0.0554, 0.05312]","[0.5142, 2.5041, -0.0803, -0.0998]",3301,200,8,6,32,4,10.1,cuda
hops,s1584,5,qw,relu,0.5,1584,0.16484892230342935,0.24444086025448705,0.16484892042177363,0.20184178746803996,True,True,True,"[0.07324, 0.05463, 0.04617]","[-0.0908, 0.7581, -0.0993, 2.6308]",3301,200,8,6,32,4,10.4,cuda
hops,s1584,6,gcn,relu,0.5,1584,0.19999015973943604,0.2568585841885544,0.1999901596390915,0.20184178746803996,True,True,True,"[0.06758, 0.05577, 0.05551]",[],3301,200,8,6,32,4,7.4,cuda
hops,s1584,6,heat,relu,0.5,1584,0.1985861139281054,0.26948233894287704,0.19858611331819886,0.20184178746803996,True,True,True,"[0.06774, 0.05571, 0.0542]","[2.6188, -0.1498, -0.16, -0.1653]",3301,200,8,6,32,4,10.1,cuda
hops,s1584,6,qw,relu,0.5,1584,0.20147820699627603,0.25787592494462847,0.20147820715933587,0.20184178746803996,True,True,True,"[0.06758, 0.05576, 0.05563]","[0.7163, -0.0128, -0.0245, -0.0234]",3301,200,8,6,32,4,10.3,cuda
hops,s1584,7,gcn,relu,0.5,1584,0.2015357898651726,0.257912917309417,0.20153578986517257,0.20184178746803996,True,True,True,"[0.06416, 0.05575, 0.05564]",[],3301,200,8,6,32,4,7.4,cuda
hops,s1584,7,heat,relu,0.5,1584,0.20148590351188375,0.2578469633954466,0.20148590214625756,0.20184178746803996,True,True,True,"[0.06415, 0.05575, 0.05562]","[0.9839, -0.1369, -0.1683, -0.1742]",3301,200,8,6,32,4,10.1,cuda
hops,s1584,7,qw,relu,0.5,1584,0.20146928593572797,0.25781326361833595,0.20146928594983887,0.20184178746803996,True,True,True,"[0.06404, 0.05574, 0.05561]","[0.7205, -0.0107, -0.0318, -0.0305]",3301,200,8,6,32,4,10.4,cuda
hops,s1584,8,gcn,relu,0.5,1584,0.19920183616566475,0.25096435432322467,0.1992018361772279,0.20184178746803996,True,True,True,"[0.07342, 0.05519, 0.05414]",[],3301,200,8,6,32,4,7.4,cuda
hops,s1584,8,heat,relu,0.5,1584,0.19286417370303047,0.21774960414366695,0.19286417182813625,0.20184178746803996,True,True,True,"[0.07385, 0.05543, 0.05334]","[2.4908, -0.148, -0.1594, -0.1594]",3301,200,8,6,32,4,10.0,cuda
hops,s1584,8,qw,relu,0.5,1584,0.19693162093512864,0.2563018436861747,0.19693162068701114,0.20184178746803996,True,True,True,"[0.07353, 0.05538, 0.0536]","[-0.1135, 0.8964, -0.0245, -0.0244]",3301,200,8,6,32,4,10.4,cuda
hops,s1584,9,gcn,relu,0.5,1584,0.20172704556041243,0.2582302426239851,0.2017270455635482,0.20184178746803996,True,True,True,"[0.06548, 0.05582, 0.05578]",[],3301,200,8,6,32,4,7.3,cuda
hops,s1584,9,heat,relu,0.5,1584,0.20157555944320782,0.25751286467180007,0.20157555876901806,0.20184178746803996,True,True,True,"[0.06546, 0.05583, 0.05571]","[0.3936, -0.2037, -0.1998, -0.2024]",3301,200,8,6,32,4,10.1,cuda
hops,s1584,9,qw,relu,0.5,1584,0.1976661563651818,0.2514025525845767,0.19766615508206548,0.20184178746803996,True,True,True,"[0.06544, 0.05554, 0.05448]","[-0.0739, 0.909, -0.027, -0.0296]",3301,200,8,6,32,4,10.4,cuda
delay,s1584,0,gcn,relu,0.5,1584,0.17218402112014544,0.21449192870248576,0.17174427692791344,0.1723365728491141,True,True,True,"[0.07487, 0.04382, 0.04368]",[],3301,200,8,6,32,4,7.7,cuda
delay,s1584,0,heat,relu,0.5,1584,0.15234268441381207,0.19562822963263005,0.15202854554177112,0.1723365728491141,True,True,True,"[0.07487, 0.04317, 0.03814]","[-0.1246, 2.3733, 2.177, 1.3463]",3301,200,8,6,32,4,10.4,cuda
delay,s1584,0,qw,relu,0.5,1584,0.1721067742029282,0.21443380698124925,0.17166754169562465,0.1723365728491141,True,True,True,"[0.07471, 0.0438, 0.04364]","[0.7104, -0.0289, -0.0338, -0.035]",3301,200,8,6,32,4,10.6,cuda
delay,s1584,1,gcn,relu,0.5,1584,0.16626469999405175,0.21223868585224348,0.17272606719375794,0.16813995001734913,True,True,True,"[0.06055, 0.04499, 0.0444]",[],3301,200,8,6,32,4,7.6,cuda
delay,s1584,1,heat,relu,0.5,1584,0.16844282981564107,0.21550722673891695,0.17455513088762845,0.16813995001734913,False,True,True,"[0.06035, 0.04497, 0.0448]","[0.7911, -0.1604, -0.1651, -0.163]",3301,200,8,6,32,4,10.3,cuda
delay,s1584,1,qw,relu,0.5,1584,0.15623157543482208,0.15673808162460726,0.16887612094617016,0.16813995001734913,True,True,True,"[0.06052, 0.04317, 0.03876]","[-0.109, 1.9722, 1.4872, 0.8367]",3301,200,8,6,32,4,10.7,cuda
delay,s1584,2,gcn,relu,0.5,1584,0.1722763856994035,0.21320041408628243,0.17110820641810828,0.1720238108039357,False,True,True,"[0.0538, 0.04357, 0.0435]",[],3301,200,8,6,32,4,7.6,cuda
delay,s1584,2,heat,relu,0.5,1584,0.1723365745342945,0.21543111840221996,0.17119748546011956,0.1720238108039357,False,True,True,"[0.05412, 0.04349, 0.04323]","[0.8947, -0.1274, -0.1736, -0.1735]",3301,200,8,6,32,4,10.3,cuda
delay,s1584,2,qw,relu,0.5,1584,0.16955094112444713,0.2087708327294855,0.16831307357267977,0.1720238108039357,True,True,True,"[0.05375, 0.04333, 0.04279]","[0.7468, -0.0752, -0.0918, -0.0924]",3301,200,8,6,32,4,10.6,cuda
delay,s1584,3,gcn,relu,0.5,1584,0.16886562178274367,0.2121065526453083,0.1710003447643807,0.16877599689864117,False,True,True,"[0.04875, 0.04354, 0.04343]",[],3301,200,8,6,32,4,7.6,cuda
delay,s1584,3,heat,relu,0.5,1584,0.16934035936043587,0.18523955274746606,0.1727197007826592,0.16877599689864117,False,True,True,"[0.04874, 0.04341, 0.04301]","[1.594, -0.1738, -0.1581, -0.1666]",3301,200,8,6,32,4,10.3,cuda
delay,s1584,3,qw,relu,0.5,1584,0.17101363420328877,0.1817708797342564,0.17456343295289298,0.16877599689864117,False,False,False,"[0.04875, 0.04302, 0.04313]","[1.1814, 0.8988, -0.0697, -0.0618]",3301,200,8,6,32,4,10.9,cuda
delay,s1584,4,gcn,relu,0.5,1584,0.16984797168163637,0.19259970355654477,0.16670565412141974,0.17063712292640495,True,True,True,"[0.05534, 0.04214, 0.04112]",[],3301,200,8,6,32,4,7.7,cuda
delay,s1584,4,heat,relu,0.5,1584,0.1686796119646522,0.20447724161450273,0.1660167305198036,0.17063712292640495,True,True,True,"[0.05545, 0.04194, 0.04133]","[1.3431, -0.0972, -0.1454, -0.1454]",3301,200,8,6,32,4,10.3,cuda
delay,s1584,4,qw,relu,0.5,1584,0.16801067763460906,0.20699092761309035,0.1654572892813406,0.17063712292640495,True,True,True,"[0.05542, 0.04204, 0.04114]","[0.9232, 0.7767, -0.0295, -0.0301]",3301,200,8,6,32,4,10.5,cuda
delay,s1584,5,gcn,relu,0.5,1584,0.17639441639816023,0.21534558644539534,0.16961332116978045,0.17804914345021705,True,True,True,"[0.06338, 0.04361, 0.04266]",[],3301,200,8,6,32,4,7.6,cuda
delay,s1584,5,heat,relu,0.5,1584,0.16528123159683544,0.21250029475139506,0.15826812643420207,0.17804914345021705,True,True,True,"[0.06341, 0.04305, 0.03986]","[1.5383, 2.162, -0.1045, -0.1066]",3301,200,8,6,32,4,10.2,cuda
delay,s1584,5,qw,relu,0.5,1584,0.1640011392118682,0.21093073786159078,0.1568887470701046,0.17804914345021705,True,True,True,"[0.06342, 0.04007, 0.03741]","[-0.0705, -0.13, -0.1518, 1.0722]",3301,200,8,6,32,4,10.7,cuda
delay,s1584,6,gcn,relu,0.5,1584,0.17129859556249963,0.2064915688229562,0.1698003389046973,0.1722178212383657,True,True,True,"[0.05702, 0.04356, 0.04333]",[],3301,200,8,6,32,4,7.6,cuda
delay,s1584,6,heat,relu,0.5,1584,0.16722014983529965,0.211003707788062,0.16590603965243755,0.1722178212383657,True,True,True,"[0.05718, 0.04351, 0.04238]","[2.4422, -0.174, -0.1726, -0.1587]",3301,200,8,6,32,4,10.3,cuda
delay,s1584,6,qw,relu,0.5,1584,0.1722526900370892,0.21157016954709418,0.17094513402822265,0.1722178212383657,False,True,True,"[0.05702, 0.04355, 0.04342]","[0.7209, -0.0301, -0.0295, -0.0298]",3301,200,8,6,32,4,10.7,cuda
delay,s1584,7,gcn,relu,0.5,1584,0.16945476720636,0.21436876571700472,0.1726077353758761,0.17019496068916196,True,True,True,"[0.05384, 0.04456, 0.04436]",[],3301,200,8,6,32,4,7.6,cuda
delay,s1584,7,heat,relu,0.5,1584,0.17034161390385102,0.21451943041026253,0.17348912249894277,0.17019496068916196,False,True,True,"[0.05385, 0.04455, 0.04442]","[0.7716, -0.1602, -0.1781, -0.1781]",3301,200,8,6,32,4,10.4,cuda
delay,s1584,7,qw,relu,0.5,1584,0.16791520600655171,0.21216545597005046,0.1711687998839706,0.17019496068916196,True,True,True,"[0.05385, 0.04408, 0.04327]","[0.6471, -0.0444, -0.0477, -0.0489]",3301,200,8,6,32,4,10.9,cuda
delay,s1584,8,gcn,relu,0.5,1584,0.1713081873087675,0.20415950875637426,0.17335316685873267,0.1723320227580244,True,True,True,"[0.06405, 0.04472, 0.04372]",[],3301,200,8,6,32,4,7.8,cuda
delay,s1584,8,heat,relu,0.5,1584,0.1710226480688967,0.21751687518006899,0.17276099606048473,0.1723320227580244,True,True,True,"[0.06431, 0.04454, 0.04385]","[1.5734, -0.1508, -0.1526, -0.1526]",3301,200,8,6,32,4,10.3,cuda
delay,s1584,8,qw,relu,0.5,1584,0.1707344740751295,0.21303564195122685,0.17257905705679663,0.1723320227580244,True,True,True,"[0.06417, 0.04424, 0.04408]","[0.8735, 0.7347, -0.0551, -0.0552]",3301,200,8,6,32,4,10.7,cuda
delay,s1584,9,gcn,relu,0.5,1584,0.17272588799784808,0.21375700324967864,0.17337375410377975,0.17233520422982576,False,True,True,"[0.05547, 0.04447, 0.04442]",[],3301,200,8,6,32,4,7.6,cuda
delay,s1584,9,heat,relu,0.5,1584,0.17273645367371845,0.22045750299934266,0.17341611374006724,0.17233520422982576,False,True,True,"[0.05544, 0.04448, 0.04439]","[1.252, -0.1256, -0.2058, -0.2055]",3301,200,8,6,32,4,10.3,cuda
delay,s1584,9,qw,relu,0.5,1584,0.17291606349530722,0.2194459026545459,0.1735882927736237,0.17233520422982576,False,True,True,"[0.05544, 0.04447, 0.04424]","[0.5127, -0.0663, -0.054, -0.054]",3301,200,8,6,32,4,10.6,cuda
hops,s264,0,gcn,relu,0.5,264,0.1834317244250666,0.2491610380070491,0.1834317245661761,0.18892974581456545,True,True,True,"[0.07845, 0.04926, 0.04793]",[],3301,200,8,6,32,4,5.4,cuda
hops,s264,0,heat,relu,0.5,264,0.07005030158060517,0.12494016199414426,0.07005029988376368,0.18892974581456545,True,True,True,"[0.07842, 0.04272, 0.01787]","[-0.2184, -0.0706, 2.2374, 2.1657]",3301,200,8,6,32,4,8.1,cuda
hops,s264,0,qw,relu,0.5,264,0.06867244116717366,0.11498025237682234,0.06867244024055474,0.18892974581456545,True,True,True,"[0.07822, 0.03603, 0.01172]","[-0.1002, 1.6463, 1.4783, 0.9357]",3301,200,8,6,32,4,8.5,cuda
hops,s264,1,gcn,relu,0.5,264,0.17567164417958323,0.22897676058602578,0.17567164371862556,0.18892974581456545,True,True,True,"[0.06379, 0.04638, 0.0382]",[],3301,200,8,6,32,4,5.4,cuda
hops,s264,1,heat,relu,0.5,264,0.11958979347231562,0.21585410976499153,0.11958978635569413,0.18892974581456545,True,True,True,"[0.06408, 0.04882, 0.03794]","[1.9614, -0.1562, -0.1646, -0.1632]",3301,200,8,6,32,4,8.1,cuda
hops,s264,1,qw,relu,0.5,264,0.16877727463578032,0.20518975718432572,0.16877727518845914,0.18892974581456545,True,True,True,"[0.06377, 0.04481, 0.04034]","[0.9126, -0.0497, -0.0553, -0.0541]",3301,200,8,6,32,4,8.5,cuda
hops,s264,2,gcn,relu,0.5,264,0.1811650100192337,0.24794194605617215,0.1811650101180104,0.18892974543827354,True,True,True,"[0.05927, 0.04979, 0.0484]",[],3301,200,8,6,32,4,5.5,cuda
hops,s264,2,heat,relu,0.5,264,0.1757286681671335,0.24779938102283094,0.1757286703284604,0.18892974543827354,True,True,True,"[0.05943, 0.04971, 0.04798]","[0.9256, -0.1573, -0.1813, -0.1813]",3301,200,8,6,32,4,8.1,cuda
hops,s264,2,qw,relu,0.5,264,0.10135936869233093,0.20003705225644378,0.10135936957191338,0.18892974543827354,True,True,True,"[0.05925, 0.04409, 0.03645]","[1.4239, 1.144, -0.081, -0.0935]",3301,200,8,6,32,4,8.6,cuda
hops,s264,3,gcn,relu,0.5,264,0.1732374182384875,0.24908766138992952,0.17323741829022765,0.18892974543827348,True,True,True,"[0.05443, 0.04945, 0.04599]",[],3301,200,8,6,32,4,5.4,cuda
hops,s264,3,heat,relu,0.5,264,0.12293612364340911,0.17824125534136784,0.12293612348818869,0.18892974543827348,True,True,True,"[0.05441, 0.04458, 0.03328]","[2.2312, -0.1711, -0.1645, -0.1764]",3301,200,8,6,32,4,8.1,cuda
hops,s264,3,qw,relu,0.5,264,0.17373947187731362,0.23009190930033777,0.173739471952572,0.18892974543827348,True,True,True,"[0.05437, 0.04499, 0.04273]","[0.7502, -0.0706, -0.0745, -0.0876]",3301,200,8,6,32,4,8.5,cuda
hops,s264,4,gcn,relu,0.5,264,0.16143652707375963,0.22285108784788574,0.16143652709257422,0.1889297446856896,True,True,True,"[0.06121, 0.04897, 0.04229]",[],3301,200,8,6,32,4,5.5,cuda
hops,s264,4,heat,relu,0.5,264,0.1165172724721182,0.21689973295512624,0.11651726969284937,0.1889297446856896,True,True,True,"[0.06117, 0.04853, 0.03788]","[2.3803, -0.1458, -0.1517, -0.1514]",3301,200,8,6,32,4,8.1,cuda
hops,s264,4,qw,relu,0.5,264,0.16096817928300514,0.21102903020546238,0.16096817948643796,0.1889297446856896,True,True,True,"[0.06114, 0.04841, 0.04202]","[0.8443, -0.051, -0.0505, -0.0504]",3301,200,8,6,32,4,8.5,cuda
hops,s264,5,gcn,relu,0.5,264,0.15000417778701194,0.23670705455324367,0.15000417757652362,0.18892974543827354,True,True,True,"[0.06732, 0.04327, 0.03464]",[],3301,200,8,6,32,4,5.4,cuda
hops,s264,5,heat,relu,0.5,264,0.13739083701217866,0.19757571997649084,0.13739083500607221,0.18892974543827354,True,True,True,"[0.06744, 0.03899, 0.02524]","[2.2515, -0.1496, -0.1575, -0.1518]",3301,200,8,6,32,4,8.1,cuda
hops,s264,5,qw,relu,0.5,264,0.07046718197884132,0.12286057087358919,0.07046718256562158,0.18892974543827354,True,True,True,"[0.0667, 0.03446, 0.01488]","[0.8287, 1.2333, 0.3388, 1.7375]",3301,200,8,6,32,4,8.6,cuda
hops,s264,6,gcn,relu,0.5,264,0.1536830137624885,0.2071843527247731,0.15368301417170602,0.18892974581456545,True,True,True,"[0.06198, 0.04656, 0.03643]",[],3301,200,8,6,32,4,5.4,cuda
hops,s264,6,heat,relu,0.5,264,0.08915879755196247,0.1903599180507004,0.08915879719918876,0.18892974581456545,True,True,True,"[0.06209, 0.04393, 0.02174]","[2.7908, -0.177, -0.1723, -0.1755]",3301,200,8,6,32,4,8.1,cuda
hops,s264,6,qw,relu,0.5,264,0.1763659440218518,0.3060247609773456,0.17636594378960913,0.18892974581456545,True,True,True,"[0.06192, 0.04912, 0.04293]","[0.8336, -0.0538, -0.0506, -0.0502]",3301,200,8,6,32,4,8.6,cuda
hops,s264,7,gcn,relu,0.5,264,0.17375573470736994,0.20945467599562695,0.17375573462975974,0.18892974581456545,True,True,True,"[0.05843, 0.04951, 0.04643]",[],3301,200,8,6,32,4,5.5,cuda
hops,s264,7,heat,relu,0.5,264,0.08985353087667713,0.16408440291383256,0.0898535430403144,0.18892974581456545,True,True,True,"[0.05844, 0.04357, 0.02428]","[2.4683, -0.1888, -0.1886, -0.1903]",3301,200,8,6,32,4,8.1,cuda
hops,s264,7,qw,relu,0.5,264,0.1547702506814867,0.20957450573685965,0.15477025168101216,0.18892974581456545,True,True,True,"[0.05843, 0.04572, 0.03641]","[0.9183, -0.0658, -0.0486, -0.0491]",3301,200,8,6,32,4,8.5,cuda
hops,s264,8,gcn,relu,0.5,264,0.15364147493653377,0.19567700126221108,0.15364147567147896,0.18892974543827354,True,True,True,"[0.06734, 0.04314, 0.03465]",[],3301,200,8,6,32,4,5.4,cuda
hops,s264,8,heat,relu,0.5,264,0.13743250926185133,0.1359445224670241,0.13743250052247086,0.18892974543827354,True,True,True,"[0.06789, 0.04183, 0.026]","[2.6535, -0.1097, -0.1635, -0.1635]",3301,200,8,6,32,4,8.2,cuda
hops,s264,8,qw,relu,0.5,264,0.1545921492841885,0.24245014668131945,0.15459214493801648,0.18892974543827354,True,True,True,"[0.06764, 0.04532, 0.03652]","[0.914, -0.0572, -0.0572, -0.0572]",3301,200,8,6,32,4,8.6,cuda
hops,s264,9,gcn,relu,0.5,264,0.15744903021858947,0.2325469179116432,0.15744903054666903,0.1889297446856896,True,True,True,"[0.05976, 0.04966, 0.04256]",[],3301,200,8,6,32,4,5.5,cuda
hops,s264,9,heat,relu,0.5,264,0.17660113334693386,0.23978238215931166,0.17660113224392815,0.1889297446856896,True,True,True,"[0.05995, 0.04985, 0.04618]","[0.9891, -0.2062, -0.2335, -0.2133]",3301,200,8,6,32,4,8.1,cuda
hops,s264,9,qw,relu,0.5,264,0.15866668887361132,0.23677324861459578,0.15866669066334993,0.1889297446856896,True,True,True,"[0.05977, 0.04967, 0.0424]","[0.8758, -0.0437, -0.064, -0.0668]",3301,200,8,6,32,4,8.5,cuda
delay,s264,0,gcn,relu,0.5,264,0.16972781712603238,0.2229964160821529,0.16695172726670562,0.1743086445747376,True,True,True,"[0.07585, 0.04322, 0.04195]",[],3301,200,8,6,32,4,5.4,cuda
delay,s264,0,heat,relu,0.5,264,0.11472901351505309,0.15714752810635021,0.1098119436629173,0.1743086445747376,True,True,True,"[0.07581, 0.04064, 0.02913]","[1.4195, 1.1973, -0.0954, -0.0866]",3301,200,8,6,32,4,8.2,cuda
delay,s264,0,qw,relu,0.5,264,0.1140773246991401,0.1568566100707716,0.10924045074463004,0.1743086445747376,True,True,True,"[0.07563, 0.03202, 0.02025]","[-0.0884, 1.2559, 1.3288, 0.6558]",3301,200,8,6,32,4,9.3,cuda
delay,s264,1,gcn,relu,0.5,264,0.14486607524914422,0.20269296901699962,0.13583862964437823,0.17660727752654845,True,True,True,"[0.05926, 0.04017, 0.03525]",[],3301,200,8,6,32,4,3.5,cuda
delay,s264,1,heat,relu,0.5,264,0.12567400062607245,0.1702904245783636,0.11361054819832189,0.17660727752654845,True,True,True,"[0.05957, 0.03985, 0.0245]","[2.1936, -0.1717, -0.174, -0.1729]",3301,200,8,6,32,4,6.3,cuda
delay,s264,1,qw,relu,0.5,264,0.14734988867521584,0.20727879852832023,0.13896371762684517,0.17660727752654845,True,True,True,"[0.05924, 0.03876, 0.0314]","[0.8755, -0.0557, -0.06, -0.0596]",3301,200,8,6,32,4,8.9,cuda
delay,s264,2,gcn,relu,0.5,264,0.1692096486598291,0.225318080903438,0.1697301121506219,0.17513983710104541,True,True,True,"[0.05607, 0.04557, 0.04419]",[],3301,200,8,6,32,4,5.5,cuda
delay,s264,2,heat,relu,0.5,264,0.14481021145198758,0.22707295274618464,0.14529322747451562,0.17513983710104541,True,True,True,"[0.05639, 0.04291, 0.03562]","[1.7083, -0.1699, -0.1817, -0.1821]",3301,200,8,6,32,4,8.1,cuda
delay,s264,2,qw,relu,0.5,264,0.11989219657691064,0.16197294785363564,0.11979229197569305,0.17513983710104541,True,True,True,"[0.05602, 0.04082, 0.02976]","[1.2971, 0.8789, -0.014, -0.0401]",3301,200,8,6,32,4,8.6,cuda
delay,s264,3,gcn,relu,0.5,264,0.16364222635383333,0.2713189921703066,0.1644390973661123,0.17394727404756152,True,True,True,"[0.05047, 0.04451, 0.04076]",[],3301,200,8,6,32,4,5.4,cuda
delay,s264,3,heat,relu,0.5,264,0.12023534928918862,0.16577000776560472,0.1197395125689747,0.17394727404756152,True,True,True,"[0.05044, 0.04208, 0.02883]","[2.2193, -0.1761, -0.1736, -0.1787]",3301,200,8,6,32,4,8.1,cuda
delay,s264,3,qw,relu,0.5,264,0.14991062635207794,0.21787661095506594,0.14995693968023371,0.17394727404756152,True,True,True,"[0.05034, 0.04044, 0.03536]","[0.8958, -0.0668, -0.0659, -0.0778]",3301,200,8,6,32,4,8.5,cuda
delay,s264,4,gcn,relu,0.5,264,0.14254131867089356,0.2269256040040788,0.1438055433523418,0.17607069273262912,True,True,True,"[0.05859, 0.04532, 0.03796]",[],3301,200,8,6,32,4,5.5,cuda
delay,s264,4,heat,relu,0.5,264,0.12258296606196749,0.19389518979330223,0.12416801744874453,0.17607069273262912,True,True,True,"[0.05856, 0.04492, 0.03705]","[2.0722, -0.1579, -0.1503, -0.1503]",3301,200,8,6,32,4,8.1,cuda
delay,s264,4,qw,relu,0.5,264,0.14990715317033004,0.22842520799616803,0.15111352517410662,0.17607069273262912,True,True,True,"[0.05851, 0.04478, 0.03919]","[0.8389, -0.0549, -0.0552, -0.055]",3301,200,8,6,32,4,8.6,cuda
delay,s264,5,gcn,relu,0.5,264,0.16889995680134182,0.22579597925181225,0.17178561900050918,0.17078991717132128,True,True,True,"[0.06501, 0.04472, 0.04408]",[],3301,200,8,6,32,4,5.4,cuda
delay,s264,5,heat,relu,0.5,264,0.12342140665795238,0.20589030496983907,0.1265024712916012,0.17078991717132128,True,True,True,"[0.06491, 0.04065, 0.03581]","[1.2056, -0.1506, -0.1463, -0.1566]",3301,200,8,6,32,4,8.1,cuda
delay,s264,5,qw,relu,0.5,264,0.16642250974116976,0.22627953093037603,0.16924724361337157,0.17078991717132128,True,False,False,"[0.06438, 0.03186, 0.032]","[0.4739, 0.7526, -0.0416, 1.1659]",3301,200,8,6,32,4,8.6,cuda
delay,s264,6,gcn,relu,0.5,264,0.1399676757864654,0.19513504351260716,0.14145651067762327,0.1713525353615746,True,True,True,"[0.05794, 0.04342, 0.03458]",[],3301,200,8,6,32,4,5.4,cuda
delay,s264,6,heat,relu,0.5,264,0.1087726464076438,0.1651316907464784,0.11031294381951517,0.1713525353615746,True,True,True,"[0.0581, 0.03925, 0.02312]","[2.5321, -0.1857, -0.1759, -0.1767]",3301,200,8,6,32,4,8.1,cuda
delay,s264,6,qw,relu,0.5,264,0.14378818887229444,0.18848021114051616,0.1454413324227613,0.1713525353615746,True,True,True,"[0.05796, 0.04307, 0.0348]","[0.8743, -0.0566, -0.0538, -0.0534]",3301,200,8,6,32,4,8.7,cuda
delay,s264,7,gcn,relu,0.5,264,0.15559263343010288,0.2020641937294633,0.16098072454086362,0.17026894362737433,True,True,True,"[0.05457, 0.04446, 0.04202]",[],3301,200,8,6,32,4,5.5,cuda
delay,s264,7,heat,relu,0.5,264,0.1170841036834801,0.19386694496240653,0.12107751312644474,0.17026894362737433,True,True,True,"[0.05464, 0.03972, 0.02457]","[2.2638, -0.1853, -0.1873, -0.1897]",3301,200,8,6,32,4,8.2,cuda
delay,s264,7,qw,relu,0.5,264,0.15132503618834295,0.222259063497766,0.15474025692938911,0.17026894362737433,True,True,True,"[0.05461, 0.04433, 0.04096]","[0.8129, -0.0476, -0.0537, -0.0558]",3301,200,8,6,32,4,8.6,cuda
delay,s264,8,gcn,relu,0.5,264,0.15096467283479117,0.21348450904664537,0.15388291089435702,0.1738382717853205,True,True,True,"[0.06468, 0.04074, 0.03745]",[],3301,200,8,6,32,4,5.4,cuda
delay,s264,8,heat,relu,0.5,264,0.11198231369971927,0.17255053742346957,0.11616736114780052,0.1738382717853205,True,True,True,"[0.0652, 0.0403, 0.02933]","[2.241, -0.1513, -0.1652, -0.1647]",3301,200,8,6,32,4,8.1,cuda
delay,s264,8,qw,relu,0.5,264,0.14548403262913304,0.2122426036427165,0.1481252561965393,0.1738382717853205,True,True,True,"[0.06494, 0.03831, 0.03469]","[0.821, -0.0466, -0.0568, -0.057]",3301,200,8,6,32,4,8.7,cuda
delay,s264,9,gcn,relu,0.5,264,0.1663653326898136,0.22040596295432646,0.1645054793052347,0.17342614948354437,True,True,True,"[0.05553, 0.04399, 0.04282]",[],3301,200,8,6,32,4,5.5,cuda
delay,s264,9,heat,relu,0.5,264,0.14043741934283663,0.22203669087901798,0.13854626442524462,0.17342614948354437,True,True,True,"[0.05565, 0.04397, 0.03645]","[0.9741, 0.6198, -0.2442, -0.2228]",3301,200,8,6,32,4,8.2,cuda
delay,s264,9,qw,relu,0.5,264,0.14757779648414618,0.20358785315122818,0.14551915362244472,0.17342614948354437,True,True,True,"[0.05553, 0.04335, 0.03903]","[0.8672, -0.1298, -0.1242, -0.1064]",3301,200,8,6,32,4,8.5,cuda
